基金代码,基金名称,日期,净值,近一周,近一月,近三月,近半年,近一年,今年以来,基金的详细链接
515700,平安中证新能源汽车ETF,01-26,2.3064,8.42%,13.16%,54.46%,81.46%,111.46%,10.77%,https://www.howbuy.com/fund/515700
501057,汇添富中证新能源汽车A,01-26,2.3612,8.09%,12.42%,50.39%,76.87%,109.81%,10.49%,https://www.howbuy.com/fund/501057
501058,汇添富中证新能源汽车C,01-26,2.3428,8.09%,12.39%,50.29%,76.64%,109.29%,10.47%,https://www.howbuy.com/fund/501058
159806,国泰中证新能源汽车ETF,01-26,2.2750,6.30%,9.58%,48.43%,76.53%,--,7.60%,https://www.howbuy.com/fund/159806
515030,华夏中证新能源汽车ETF,01-26,1.7843,6.23%,9.27%,47.87%,72.93%,--,7.34%,https://www.howbuy.com/fund/515030
165520,中信保诚中证800有色指数(LOF),01-26,1.4670,7.79%,12.67%,44.45%,44.87%,63.02%,13.11%,https://www.howbuy.com/fund/165520
161028,富国中证新能源汽车指数,01-26,1.1330,5.89%,8.32%,44.19%,67.27%,87.72%,6.79%,https://www.howbuy.com/fund/161028
009067,国泰中证新能源汽车ETF联接A,01-26,2.1231,6.06%,8.54%,43.48%,68.50%,--,7.32%,https://www.howbuy.com/fund/009067
009068,国泰中证新能源汽车ETF联接C,01-26,2.1182,6.05%,8.50%,43.37%,68.24%,--,7.29%,https://www.howbuy.com/fund/009068
512690,鹏华中证酒ETF,01-26,2.7459,6.89%,10.13%,41.51%,65.59%,137.72%,2.31%,https://www.howbuy.com/fund/512690
160225,国泰国证新能源汽车LOF,01-26,1.8587,5.95%,8.50%,41.32%,62.29%,88.47%,6.61%,https://www.howbuy.com/fund/160225
159967,华夏创成长ETF,01-26,0.7486,6.82%,19.95%,41.30%,40.53%,109.42%,14.57%,https://www.howbuy.com/fund/159967
161725,招商中证白酒指数,01-26,1.4599,7.08%,10.46%,40.88%,65.57%,127.30%,2.33%,https://www.howbuy.com/fund/161725
512400,南方中证申万有色金属ETF,01-26,1.1198,7.20%,9.45%,40.70%,35.88%,55.12%,9.60%,https://www.howbuy.com/fund/512400
160221,国泰国证有色金属行业指数,01-26,1.2097,6.71%,9.39%,38.76%,35.18%,52.34%,9.71%,https://www.howbuy.com/fund/160221
160632,鹏华中证酒指数(LOF),01-26,1.0910,6.54%,9.87%,38.71%,62.18%,128.99%,2.44%,https://www.howbuy.com/fund/160632
007474,华夏创成长ETF联接A,01-26,2.4920,6.56%,18.97%,38.68%,38.01%,102.17%,13.86%,https://www.howbuy.com/fund/007474
004432,南方有色金属联接A,01-26,1.1090,6.76%,9.12%,38.64%,34.41%,50.68%,9.53%,https://www.howbuy.com/fund/004432
007475,华夏创成长ETF联接C,01-26,2.4765,6.55%,18.93%,38.54%,37.73%,101.37%,13.83%,https://www.howbuy.com/fund/007475
004433,南方有色金属联接C,01-26,1.0942,6.75%,9.08%,38.51%,34.14%,50.08%,9.50%,https://www.howbuy.com/fund/004433
163209,诺安创业板指数增强(LOF)A,01-26,2.0091,5.29%,10.21%,33.84%,34.72%,76.25%,8.11%,https://www.howbuy.com/fund/163209
180003,银华-道琼斯88指数A,01-26,1.9610,6.23%,13.54%,33.10%,43.10%,71.82%,8.81%,https://www.howbuy.com/fund/180003
690008,民生中证内地资源主题指数,01-26,0.8360,4.89%,9.14%,32.91%,30.63%,32.91%,10.14%,https://www.howbuy.com/fund/690008
512770,华夏战略新兴成指ETF,01-26,2.3792,4.62%,15.38%,32.89%,36.36%,88.53%,12.08%,https://www.howbuy.com/fund/512770
161217,国投瑞银中证资源指数LOF,01-26,0.9660,4.43%,8.66%,32.15%,33.61%,44.18%,9.28%,https://www.howbuy.com/fund/161217
512580,广发中证环保ETF,01-26,1.3509,6.97%,9.55%,31.10%,45.90%,63.61%,8.90%,https://www.howbuy.com/fund/512580
163114,申万中证环保产业指数(LOF)A,01-26,1.3050,6.84%,9.77%,31.06%,43.95%,68.21%,9.10%,https://www.howbuy.com/fund/163114
159949,华安创业板50ETF,01-26,1.3859,5.79%,16.47%,30.87%,33.44%,95.22%,11.17%,https://www.howbuy.com/fund/159949
006909,华夏战略新兴成指ETF联接A,01-26,2.3855,4.41%,14.53%,30.58%,33.50%,82.10%,11.45%,https://www.howbuy.com/fund/006909
006910,华夏战略新兴成指ETF联接C,01-26,2.3738,4.40%,14.50%,30.48%,33.29%,81.55%,11.43%,https://www.howbuy.com/fund/006910
159814,西部利得创业板大盘ETF,01-26,1.3270,6.84%,16.72%,30.09%,31.70%,--,11.78%,https://www.howbuy.com/fund/159814
007464,交银创业板50指数A,01-26,2.1108,5.51%,15.63%,29.36%,32.16%,92.98%,10.61%,https://www.howbuy.com/fund/007464
007465,交银创业板50指数C,01-26,2.1011,5.50%,15.59%,29.23%,31.90%,92.21%,10.58%,https://www.howbuy.com/fund/007465
001064,广发中证环保ETF联接A,01-26,0.9837,6.61%,9.12%,29.18%,42.92%,59.61%,8.41%,https://www.howbuy.com/fund/001064
002984,广发中证环保ETF联接C,01-26,0.9730,6.61%,9.09%,29.11%,42.75%,59.27%,8.39%,https://www.howbuy.com/fund/002984
160634,鹏华中证环保产业指数(LOF),01-26,1.2720,6.62%,9.00%,28.88%,43.06%,59.75%,8.53%,https://www.howbuy.com/fund/160634
164905,交银国证新能源指数(LOF),01-26,1.1980,5.27%,5.43%,28.83%,45.94%,70.68%,5.78%,https://www.howbuy.com/fund/164905
164304,新华中证环保产业指数,01-26,1.2357,6.77%,9.55%,28.77%,43.74%,60.10%,8.97%,https://www.howbuy.com/fund/164304
009194,泰达宏利中证绩优指基A,01-26,1.3121,5.27%,13.13%,28.65%,32.23%,--,8.77%,https://www.howbuy.com/fund/009194
160420,华安创业板50指数,01-26,1.6388,5.48%,15.48%,28.57%,31.99%,88.45%,10.50%,https://www.howbuy.com/fund/160420
009195,泰达宏利中证绩优指基C,01-26,1.3093,5.27%,13.09%,28.53%,31.96%,--,8.74%,https://www.howbuy.com/fund/009195
515200,申万菱信中证研发100ETF,01-26,2.0753,3.51%,12.95%,28.34%,35.01%,81.36%,9.15%,https://www.howbuy.com/fund/515200
160422,华安创业板50ETF联接A,01-26,2.5111,5.38%,15.02%,28.02%,30.04%,83.28%,10.08%,https://www.howbuy.com/fund/160422
160424,华安创业板50ETF联接C,01-26,2.5018,5.38%,15.00%,27.94%,29.88%,82.81%,10.06%,https://www.howbuy.com/fund/160424
515650,富国中证消费50ETF,01-26,1.8105,5.51%,11.35%,27.71%,38.05%,86.38%,4.94%,https://www.howbuy.com/fund/515650
006786,泰康港股通大消费指数A,01-26,1.7082,2.71%,15.58%,27.50%,39.24%,66.20%,10.62%,https://www.howbuy.com/fund/006786
006787,泰康港股通大消费指数C,01-26,1.6959,2.70%,15.53%,27.36%,38.96%,65.53%,10.59%,https://www.howbuy.com/fund/006787
010419,申万中证环保指数(LOF)C,01-26,1.2717,6.84%,9.74%,27.17%,--,--,9.07%,https://www.howbuy.com/fund/010419
006712,前海开源MSCI中国A股消费A,01-26,2.4616,6.31%,11.53%,26.59%,35.30%,86.98%,6.00%,https://www.howbuy.com/fund/006712
006713,前海开源MSCI中国A股消费C,01-26,2.4513,6.30%,11.51%,26.53%,35.16%,86.60%,5.99%,https://www.howbuy.com/fund/006713
160222,国泰国证食品饮料行业指数,01-26,1.4166,5.46%,10.73%,26.52%,43.24%,105.30%,4.73%,https://www.howbuy.com/fund/160222
501090,华宝中证消费龙头指数(LOF)A,01-26,1.7994,4.73%,11.78%,26.47%,40.19%,90.17%,5.88%,https://www.howbuy.com/fund/501090
009329,华宝中证消费龙头指数(LOF)C,01-26,1.7966,4.72%,11.76%,26.40%,40.02%,--,5.86%,https://www.howbuy.com/fund/009329
161031,富国中证工业4.0指数,01-26,1.1690,0.78%,14.27%,26.23%,29.99%,58.52%,9.77%,https://www.howbuy.com/fund/161031
159973,弘毅远方民企领先100ETF,01-26,2.0423,4.39%,12.30%,26.15%,32.43%,72.01%,9.30%,https://www.howbuy.com/fund/159973
007983,申万菱信中证100ETF联接A,01-26,1.8760,3.26%,12.09%,26.00%,31.96%,75.26%,8.53%,https://www.howbuy.com/fund/007983
007984,申万菱信中证100ETF联接C,01-26,1.8693,3.26%,12.06%,25.90%,31.76%,74.73%,8.51%,https://www.howbuy.com/fund/007984
159987,银华中证研发创新100ETF,01-26,1.8082,3.33%,12.51%,25.74%,27.57%,59.90%,8.93%,https://www.howbuy.com/fund/159987
007737,诺德研发创新100指数,01-26,1.8951,3.43%,11.52%,25.69%,27.09%,56.65%,8.30%,https://www.howbuy.com/fund/007737
001631,天弘中证食品饮料指数A,01-26,3.6918,4.93%,9.50%,25.63%,41.23%,106.40%,3.53%,https://www.howbuy.com/fund/001631
512600,嘉实中证主要消费ETF,01-26,5.4746,5.99%,10.39%,25.62%,35.41%,92.00%,5.11%,https://www.howbuy.com/fund/512600
160223,国泰创业板指数LOF,01-26,1.5557,5.41%,14.09%,25.62%,25.80%,69.65%,9.49%,https://www.howbuy.com/fund/160223
502013,长盛中证申万一带一路指数(LOF),01-26,1.5733,3.28%,13.02%,25.58%,32.22%,44.37%,10.72%,https://www.howbuy.com/fund/502013
050024,博时上证自然资源ETF联接,01-26,0.7948,4.30%,6.34%,25.58%,24.40%,30.00%,5.76%,https://www.howbuy.com/fund/050024
001632,天弘中证食品饮料指数C,01-26,3.6474,4.93%,9.48%,25.56%,41.08%,106.00%,3.51%,https://www.howbuy.com/fund/001632
510630,华夏消费ETF,01-26,6.1669,4.95%,10.53%,25.56%,38.45%,111.96%,5.24%,https://www.howbuy.com/fund/510630
001879,长城创业板指数增强A,01-26,2.5575,5.24%,14.85%,25.48%,23.95%,79.42%,9.36%,https://www.howbuy.com/fund/001879
008975,富国中证消费50ETF联接A,01-26,1.8781,5.19%,10.36%,25.42%,34.80%,--,4.48%,https://www.howbuy.com/fund/008975
159810,浦银安盛创业板ETF,01-26,1.2831,5.63%,14.41%,25.41%,26.55%,--,9.94%,https://www.howbuy.com/fund/159810
159975,招商深证100ETF,01-26,7.8782,3.51%,13.00%,25.38%,34.42%,68.86%,8.52%,https://www.howbuy.com/fund/159975
006928,长城创业板指数增强C,01-26,2.5281,5.24%,14.82%,25.38%,23.76%,78.88%,9.33%,https://www.howbuy.com/fund/006928
161613,融通创业板指数A,01-26,1.5150,5.57%,14.52%,25.31%,25.81%,68.83%,9.80%,https://www.howbuy.com/fund/161613
008976,富国中证消费50ETF联接C,01-26,1.8717,5.18%,10.33%,25.30%,34.54%,--,4.45%,https://www.howbuy.com/fund/008976
004870,融通创业板指数C,01-26,1.4400,5.57%,14.48%,25.20%,25.60%,68.24%,9.70%,https://www.howbuy.com/fund/004870
159957,华夏创业板ETF,01-26,1.9837,5.66%,14.66%,25.19%,26.74%,73.69%,9.87%,https://www.howbuy.com/fund/159957
512670,鹏华中证国防ETF,01-26,2.0249,-2.29%,4.47%,25.19%,30.96%,83.65%,-2.05%,https://www.howbuy.com/fund/512670
510150,招商上证消费80ETF,01-26,10.5503,5.31%,9.41%,25.16%,35.09%,90.44%,5.55%,https://www.howbuy.com/fund/510150
009116,东兴中证消费50指数A,01-26,1.6812,5.21%,10.79%,25.04%,33.95%,--,4.83%,https://www.howbuy.com/fund/009116
009117,东兴中证消费50指数C,01-26,1.6798,5.20%,10.78%,25.01%,33.87%,--,4.82%,https://www.howbuy.com/fund/009117
512710,富国中证军工龙头ETF,01-26,1.8201,-2.41%,7.36%,24.95%,30.14%,71.76%,0.44%,https://www.howbuy.com/fund/512710
159977,天弘创业板ETF,01-26,3.2797,5.64%,14.69%,24.85%,24.56%,70.37%,9.84%,https://www.howbuy.com/fund/159977
512170,华宝中证医疗ETF,01-26,2.6874,10.61%,16.41%,24.83%,26.89%,100.84%,14.01%,https://www.howbuy.com/fund/512170
159964,平安创业板ETF,01-26,1.9668,5.59%,14.62%,24.82%,25.39%,71.41%,9.79%,https://www.howbuy.com/fund/159964
006341,中金MSCI质量指数A,01-26,2.8927,4.26%,9.65%,24.79%,36.10%,83.37%,5.94%,https://www.howbuy.com/fund/006341
006342,中金MSCI质量指数C,01-26,2.8840,4.25%,9.62%,24.71%,35.92%,82.90%,5.92%,https://www.howbuy.com/fund/006342
159948,南方创业板ETF,01-26,3.4400,5.63%,14.70%,24.70%,24.80%,70.73%,9.82%,https://www.howbuy.com/fund/159948
159956,建信创业板ETF,01-26,1.8915,5.65%,14.65%,24.53%,26.61%,72.22%,9.81%,https://www.howbuy.com/fund/159956
159915,易方达创业板ETF,01-26,3.1466,5.61%,14.61%,24.47%,23.90%,69.71%,9.78%,https://www.howbuy.com/fund/159915
159808,融通创业板ETF,01-26,1.2203,5.67%,14.63%,24.34%,--,--,9.83%,https://www.howbuy.com/fund/159808
009046,西藏东财创业板指数A,01-26,1.7454,5.42%,14.09%,24.28%,25.27%,--,9.46%,https://www.howbuy.com/fund/009046
007664,永赢创业板指数A,01-26,1.9474,5.46%,14.16%,24.26%,27.27%,73.70%,9.61%,https://www.howbuy.com/fund/007664
160630,鹏华中证国防指数(LOF),01-26,1.3560,-2.45%,4.07%,24.25%,27.11%,77.37%,-2.02%,https://www.howbuy.com/fund/160630
159952,广发创业板ETF,01-26,1.8902,5.52%,14.25%,24.23%,24.28%,70.10%,9.54%,https://www.howbuy.com/fund/159952
007665,永赢创业板指数C,01-26,1.9450,5.46%,14.14%,24.23%,27.22%,73.52%,9.61%,https://www.howbuy.com/fund/007665
009047,西藏东财创业板指数C,01-26,1.7416,5.40%,14.06%,24.20%,25.11%,--,9.44%,https://www.howbuy.com/fund/009047
159958,工银创业板指数ETF,01-26,1.8898,5.58%,14.47%,24.12%,23.66%,68.27%,9.68%,https://www.howbuy.com/fund/159958
159955,嘉实创业板ETF,01-26,1.7591,5.64%,14.35%,24.11%,23.83%,69.76%,9.83%,https://www.howbuy.com/fund/159955
008519,中金中证沪港深消费50指A,01-26,1.6264,4.83%,11.13%,24.10%,41.34%,--,5.93%,https://www.howbuy.com/fund/008519
502056,广发中证医疗指数(LOF)A,01-26,1.6471,10.79%,16.26%,24.06%,26.16%,90.54%,14.10%,https://www.howbuy.com/fund/502056
008520,中金中证沪港深消费50指C,01-26,1.6236,4.82%,11.11%,24.01%,41.16%,--,5.91%,https://www.howbuy.com/fund/008520
009881,广发中证医疗指数(LOF)C,01-26,1.6460,10.78%,16.24%,23.98%,--,--,14.09%,https://www.howbuy.com/fund/009881
159901,易方达深证100ETF,01-26,8.5053,3.42%,12.80%,23.79%,29.82%,62.74%,8.38%,https://www.howbuy.com/fund/159901
006248,华夏创业板ETF联接A,01-26,2.2124,5.36%,13.87%,23.76%,25.07%,68.96%,9.34%,https://www.howbuy.com/fund/006248
009179,嘉实中证消费ETF联接A,01-26,1.6039,5.69%,9.59%,23.69%,31.93%,--,4.92%,https://www.howbuy.com/fund/009179
217017,招商上证消费80ETF联接A,01-26,3.1838,5.06%,8.90%,23.69%,32.94%,83.98%,5.28%,https://www.howbuy.com/fund/217017
006249,华夏创业板ETF联接C,01-26,2.1963,5.35%,13.84%,23.67%,24.87%,68.45%,9.32%,https://www.howbuy.com/fund/006249
585001,东吴中证新兴产业指数,01-26,1.9039,2.43%,11.73%,23.66%,26.04%,56.70%,8.88%,https://www.howbuy.com/fund/585001
009180,嘉实中证消费ETF联接C,01-26,1.6015,5.69%,9.58%,23.63%,31.80%,--,4.91%,https://www.howbuy.com/fund/009180
162412,华宝中证医疗指数,01-26,1.4934,10.30%,15.82%,23.60%,25.90%,93.16%,13.51%,https://www.howbuy.com/fund/162412
004407,招商上证消费80ETF联接C,01-26,3.1310,5.05%,8.86%,23.56%,32.66%,83.25%,5.25%,https://www.howbuy.com/fund/004407
159971,富国创业板ETF,01-26,2.2079,5.47%,14.04%,23.52%,22.61%,66.84%,9.25%,https://www.howbuy.com/fund/159971
001592,天弘创业板ETF联接A,01-26,1.2758,5.40%,14.05%,23.52%,23.43%,66.31%,9.44%,https://www.howbuy.com/fund/001592
008056,南方上证50增强A,01-26,1.5825,2.74%,11.34%,23.51%,33.39%,--,7.05%,https://www.howbuy.com/fund/008056
001593,天弘创业板ETF联接C,01-26,1.2567,5.39%,14.03%,23.45%,23.30%,65.97%,9.42%,https://www.howbuy.com/fund/001593
004788,富荣沪深300指数增强A,01-26,2.0464,3.58%,10.86%,23.43%,37.03%,97.17%,5.56%,https://www.howbuy.com/fund/004788
002656,南方创业板ETF联接A,01-26,1.5771,5.32%,13.99%,23.43%,24.17%,67.79%,9.35%,https://www.howbuy.com/fund/002656
004789,富荣沪深300指数增强C,01-26,2.0397,3.58%,10.85%,23.41%,36.97%,96.96%,5.55%,https://www.howbuy.com/fund/004789
008057,南方上证50增强C,01-26,1.5777,2.73%,11.30%,23.38%,33.13%,--,7.02%,https://www.howbuy.com/fund/008057
160643,鹏华空天军工指数(LOF)A,01-26,1.5279,-2.27%,3.01%,23.37%,26.02%,77.87%,-3.05%,https://www.howbuy.com/fund/160643
217016,招商深证100指数A,01-26,2.4966,3.31%,12.31%,23.36%,31.14%,61.83%,8.08%,https://www.howbuy.com/fund/217016
159970,工银瑞信深证100ETF,01-26,7.2623,3.33%,12.57%,23.33%,28.90%,59.78%,8.20%,https://www.howbuy.com/fund/159970
004343,南方创业板ETF联接C,01-26,1.5849,5.31%,13.95%,23.31%,23.92%,67.13%,9.33%,https://www.howbuy.com/fund/004343
010183,南方创业板ETF联接E,01-26,1.5750,5.31%,13.95%,23.31%,--,--,9.32%,https://www.howbuy.com/fund/010183
050021,博时创业板ETF联接A,01-26,2.6440,5.37%,13.96%,23.30%,24.66%,67.54%,9.33%,https://www.howbuy.com/fund/050021
006733,博时创业板ETF联接C,01-26,2.6426,5.37%,13.95%,23.30%,24.65%,67.50%,9.33%,https://www.howbuy.com/fund/006733
159969,银华深证100ETF,01-26,1.8357,3.33%,12.51%,23.25%,28.87%,59.78%,8.19%,https://www.howbuy.com/fund/159969
004408,招商深证100指数C,01-26,2.4639,3.30%,12.27%,23.24%,30.87%,61.18%,8.05%,https://www.howbuy.com/fund/004408
005137,长信沪深300指数增强A,01-26,1.7204,2.00%,11.06%,23.18%,28.12%,55.97%,7.30%,https://www.howbuy.com/fund/005137
006020,广发沪深300指数增强A,01-26,2.0348,2.31%,11.69%,23.15%,32.22%,60.79%,7.68%,https://www.howbuy.com/fund/006020
160637,鹏华创业板指数(LOF),01-26,1.3930,5.37%,13.81%,23.12%,25.66%,67.84%,9.25%,https://www.howbuy.com/fund/160637
008236,招商深证100ETF联接A,01-26,1.3925,3.13%,11.88%,23.12%,31.01%,--,7.82%,https://www.howbuy.com/fund/008236
009012,平安创业板ETF联接A,01-26,1.6271,5.09%,13.72%,23.11%,24.03%,--,9.16%,https://www.howbuy.com/fund/009012
008592,天弘沪深300指数增强A,01-26,1.5221,2.55%,12.60%,23.09%,28.83%,52.97%,8.57%,https://www.howbuy.com/fund/008592
007448,长信沪深300指数增强C,01-26,1.7059,1.99%,11.02%,23.06%,27.86%,55.35%,7.26%,https://www.howbuy.com/fund/007448
008237,招商深证100ETF联接C,01-26,1.4134,3.13%,11.86%,23.04%,30.85%,--,7.80%,https://www.howbuy.com/fund/008237
006021,广发沪深300指数增强C,01-26,2.0165,2.31%,11.65%,23.03%,31.96%,60.15%,7.64%,https://www.howbuy.com/fund/006021
161812,银华深证100指数(LOF),01-26,1.6720,4.30%,11.91%,23.03%,27.93%,59.09%,7.59%,https://www.howbuy.com/fund/161812
110026,易方达创业板ETF联接A,01-26,3.2434,5.32%,13.79%,23.01%,22.76%,63.92%,9.26%,https://www.howbuy.com/fund/110026
008593,天弘沪深300指数增强C,01-26,1.5172,2.54%,12.56%,22.99%,28.63%,52.53%,8.55%,https://www.howbuy.com/fund/008593
161227,国投瑞银深证100指数LOF,01-26,1.7820,3.30%,12.15%,22.98%,29.88%,61.12%,8.00%,https://www.howbuy.com/fund/161227
009013,平安创业板ETF联接C,01-26,1.6216,5.08%,13.68%,22.98%,23.77%,--,9.13%,https://www.howbuy.com/fund/009013
164402,前海开源中航军工指数,01-26,1.1040,-3.24%,3.76%,22.94%,24.12%,63.33%,-3.07%,https://www.howbuy.com/fund/164402
004744,易方达创业板ETF联接C,01-26,3.2158,5.32%,13.76%,22.93%,22.60%,63.50%,9.24%,https://www.howbuy.com/fund/004744
006687,方正富邦深证100ETF联接A,01-26,1.9959,3.23%,12.24%,22.92%,29.43%,61.17%,8.10%,https://www.howbuy.com/fund/006687
159928,汇添富中证主要消费ETF,01-26,5.4636,5.78%,9.83%,22.87%,30.97%,88.62%,4.76%,https://www.howbuy.com/fund/159928
159807,易方达中证科技50ETF,01-26,1.7457,2.31%,11.53%,22.82%,26.02%,--,7.67%,https://www.howbuy.com/fund/159807
159815,招商中证浙江100ETF,01-26,1.1937,5.01%,11.58%,22.81%,--,--,9.11%,https://www.howbuy.com/fund/159815
006688,方正富邦深证100ETF联接C,01-26,1.9510,3.23%,12.20%,22.80%,29.17%,60.52%,8.07%,https://www.howbuy.com/fund/006688
233010,大摩深证300指数增强,01-26,2.5100,3.80%,11.56%,22.80%,26.96%,59.47%,8.00%,https://www.howbuy.com/fund/233010
501311,嘉实港股通新经济指数A,01-26,1.6079,1.16%,12.33%,22.75%,30.14%,51.79%,8.40%,https://www.howbuy.com/fund/501311
161022,富国创业板指数,01-26,1.3450,5.32%,13.60%,22.72%,22.16%,65.20%,9.00%,https://www.howbuy.com/fund/161022
005390,工银创业板ETF联接A,01-26,1.7403,5.24%,13.66%,22.69%,22.32%,63.99%,9.12%,https://www.howbuy.com/fund/005390
006614,嘉实港股通新经济指数C,01-26,1.5948,1.15%,12.29%,22.64%,29.88%,51.19%,8.38%,https://www.howbuy.com/fund/006614
510120,海富通上证非周期ETF,01-26,4.7770,2.80%,10.17%,22.61%,25.25%,54.55%,6.30%,https://www.howbuy.com/fund/510120
110019,易方达深证100ETF联接A,01-26,2.0544,3.23%,12.12%,22.61%,28.92%,59.70%,7.94%,https://www.howbuy.com/fund/110019
005873,建信创业板ETF联接A,01-26,1.9807,5.23%,13.62%,22.58%,24.45%,66.64%,9.15%,https://www.howbuy.com/fund/005873
005391,工银创业板ETF联接C,01-26,1.7138,5.24%,13.62%,22.57%,22.10%,63.41%,9.10%,https://www.howbuy.com/fund/005391
003765,广发创业板ETF联接A,01-26,1.7397,5.35%,13.57%,22.56%,22.73%,63.17%,9.11%,https://www.howbuy.com/fund/003765
159995,华夏国证半导体芯片ETF,01-26,1.3583,-3.77%,13.16%,22.56%,8.38%,34.91%,11.36%,https://www.howbuy.com/fund/159995
004742,易方达深证100ETF联接C,01-26,2.0537,3.23%,12.10%,22.53%,28.76%,59.29%,7.92%,https://www.howbuy.com/fund/004742
003766,广发创业板ETF联接C,01-26,1.7370,5.34%,13.55%,22.49%,22.60%,62.84%,9.10%,https://www.howbuy.com/fund/003766
005874,建信创业板ETF联接C,01-26,1.9700,5.23%,13.58%,22.46%,24.20%,65.96%,9.12%,https://www.howbuy.com/fund/005874
515950,富国中证医药50ETF,01-26,1.8478,7.64%,10.35%,22.37%,22.94%,--,9.32%,https://www.howbuy.com/fund/515950
161604,融通深证100指数A,01-26,2.0600,3.41%,12.05%,22.34%,28.03%,58.74%,7.84%,https://www.howbuy.com/fund/161604
004876,融通深证100指数C,01-26,2.0310,3.41%,12.00%,22.22%,27.74%,58.21%,7.85%,https://www.howbuy.com/fund/004876
159813,鹏华国证半导体芯片指数ETF,01-26,1.2530,-3.53%,13.28%,22.21%,9.52%,--,11.30%,https://www.howbuy.com/fund/159813
159944,广发中证全指原材料ETF,01-26,1.0698,3.14%,9.04%,22.17%,23.56%,43.19%,8.72%,https://www.howbuy.com/fund/159944
159801,广发国证半导体芯片ETF,01-26,1.3437,-3.64%,13.35%,22.10%,8.65%,33.99%,11.45%,https://www.howbuy.com/fund/159801
519116,浦银安盛沪深300指数增强,01-26,2.0190,2.07%,10.71%,21.96%,29.64%,51.30%,7.57%,https://www.howbuy.com/fund/519116
162714,广发深证100指数(LOF)A,01-26,1.9227,3.14%,11.97%,21.84%,27.57%,55.16%,7.87%,https://www.howbuy.com/fund/162714
008249,工银深证100ETF联接A,01-26,1.1909,3.07%,11.85%,21.82%,19.09%,--,7.74%,https://www.howbuy.com/fund/008249
000248,汇添富中证主要消费ETF联接,01-26,3.5674,5.52%,9.53%,21.80%,29.93%,84.56%,4.70%,https://www.howbuy.com/fund/000248
700002,平安深证300指数增强,01-26,2.9130,2.75%,10.84%,21.78%,27.04%,60.85%,7.49%,https://www.howbuy.com/fund/700002
009472,广发深证100指数(LOF)C,01-26,1.9209,3.14%,11.95%,21.78%,27.45%,--,7.85%,https://www.howbuy.com/fund/009472
008250,工银深证100ETF联接C,01-26,1.1896,3.07%,11.83%,21.74%,18.96%,--,7.73%,https://www.howbuy.com/fund/008250
159962,华夏中证四川国改ETF,01-26,1.5985,5.03%,9.45%,21.72%,32.27%,56.76%,6.29%,https://www.howbuy.com/fund/159962
159905,工银深证红利ETF,01-26,2.9294,2.34%,10.97%,21.70%,31.54%,48.87%,6.59%,https://www.howbuy.com/fund/159905
110003,易方达上证50指数A,01-26,2.7118,2.58%,10.41%,21.56%,31.93%,57.50%,6.23%,https://www.howbuy.com/fund/110003
008887,华夏国证半导体芯片ETF联接A,01-26,1.2165,-3.50%,12.67%,21.52%,8.26%,--,10.91%,https://www.howbuy.com/fund/008887
004746,易方达上证50指数C,01-26,2.6864,2.57%,10.38%,21.48%,31.76%,57.11%,6.21%,https://www.howbuy.com/fund/004746
008888,华夏国证半导体芯片ETF联接C,01-26,1.2141,-3.51%,12.64%,21.42%,8.09%,--,10.89%,https://www.howbuy.com/fund/008888
161607,融通巨潮100指数(LOF)A,01-26,1.5370,2.60%,11.71%,21.41%,32.97%,56.44%,7.27%,https://www.howbuy.com/fund/161607
004874,融通巨潮100指数(LOF)C,01-26,1.3560,2.57%,11.60%,21.22%,32.57%,55.87%,7.18%,https://www.howbuy.com/fund/004874
510170,国联安商品ETF,01-26,2.5950,3.72%,3.14%,21.21%,27.96%,50.78%,3.63%,https://www.howbuy.com/fund/510170
159821,中银证券创业板ETF,01-26,1.2110,5.59%,14.19%,21.11%,--,--,9.55%,https://www.howbuy.com/fund/159821
166802,浙商沪深300指数增强LOF,01-26,2.2611,1.48%,10.35%,20.86%,30.53%,59.55%,6.24%,https://www.howbuy.com/fund/166802
740101,长安沪深300非周期指数,01-26,1.8270,3.40%,10.26%,20.83%,26.44%,57.91%,6.72%,https://www.howbuy.com/fund/740101
512280,景顺MSCI中国A股国际通ETF,01-26,1.6828,2.32%,10.16%,20.79%,29.47%,52.76%,6.41%,https://www.howbuy.com/fund/512280
161724,招商中证煤炭等权指数,01-26,1.0473,2.94%,-4.10%,20.78%,23.97%,33.46%,-3.71%,https://www.howbuy.com/fund/161724
512870,南华中证杭州湾区ETF,01-26,1.9659,3.05%,11.86%,20.77%,26.27%,49.35%,9.11%,https://www.howbuy.com/fund/512870
502000,西部利得中证500指增(LOF)A,01-26,1.5726,3.74%,10.49%,20.70%,25.79%,62.15%,7.92%,https://www.howbuy.com/fund/502000
159986,弘毅远方国证消费100ETF,01-26,1.6441,3.64%,10.39%,20.67%,26.33%,57.74%,7.31%,https://www.howbuy.com/fund/159986
003957,安信量化沪深300增强A,01-26,1.9913,1.77%,9.63%,20.66%,31.12%,61.06%,5.89%,https://www.howbuy.com/fund/003957
004513,海富通沪深300指数增强A,01-26,1.6145,2.93%,12.14%,20.59%,31.33%,50.85%,8.37%,https://www.howbuy.com/fund/004513
003958,安信量化沪深300增强C,01-26,1.9684,1.76%,9.61%,20.59%,30.98%,60.73%,5.87%,https://www.howbuy.com/fund/003958
009300,西部利得中证500指增(LOF)C,01-26,1.5679,3.73%,10.45%,20.58%,25.53%,--,7.89%,https://www.howbuy.com/fund/009300
004512,海富通沪深300指数增强C,01-26,1.6780,2.93%,12.13%,20.56%,31.27%,50.70%,8.36%,https://www.howbuy.com/fund/004512
512090,易方达MSCI中国A股ETF,01-26,1.8076,2.64%,10.05%,20.48%,28.28%,57.43%,6.42%,https://www.howbuy.com/fund/512090
519032,海富通上证非周期ETF联接,01-26,1.7960,2.45%,9.11%,20.46%,22.59%,48.68%,5.52%,https://www.howbuy.com/fund/519032
161811,银华沪深300指数(LOF),01-26,1.1498,3.20%,10.76%,20.35%,30.37%,48.98%,7.37%,https://www.howbuy.com/fund/161811
540012,汇丰晋信恒生龙头指数A,01-26,2.2687,2.25%,8.75%,20.26%,30.22%,47.35%,5.28%,https://www.howbuy.com/fund/540012
481012,工银深证红利ETF联接A,01-26,1.8140,2.28%,10.42%,20.26%,29.36%,45.97%,6.29%,https://www.howbuy.com/fund/481012
005113,平安沪深300指数量化增强A,01-26,1.5339,1.69%,9.93%,20.21%,26.55%,50.66%,6.51%,https://www.howbuy.com/fund/005113
502006,易方达中证国有企业改革指数(LOF),01-26,1.5918,0.09%,9.41%,20.18%,27.38%,54.23%,5.64%,https://www.howbuy.com/fund/502006
006724,工银深证红利ETF联接C,01-26,1.8058,2.28%,10.39%,20.13%,29.10%,45.39%,6.26%,https://www.howbuy.com/fund/006724
001149,汇丰晋信恒生龙头指数C,01-26,2.2553,2.24%,8.70%,20.11%,29.90%,46.58%,5.24%,https://www.howbuy.com/fund/001149
005114,平安沪深300指数量化增强C,01-26,1.5039,1.68%,9.88%,20.06%,26.23%,49.93%,6.47%,https://www.howbuy.com/fund/005114
512010,易方达沪深300医药ETF,01-26,3.2206,7.56%,7.15%,20.06%,16.07%,66.98%,7.19%,https://www.howbuy.com/fund/512010
512760,国泰CES半导体ETF,01-26,1.3128,-2.74%,12.23%,20.04%,10.07%,34.18%,10.36%,https://www.howbuy.com/fund/512760
515780,浦银安盛MSCIA股ETF,01-26,1.5677,2.35%,10.05%,19.96%,29.09%,--,6.37%,https://www.howbuy.com/fund/515780
000312,华安沪深300增强A,01-26,2.6937,2.07%,9.45%,19.94%,27.01%,56.96%,5.71%,https://www.howbuy.com/fund/000312
006524,前海开源MSCI中国A股指数A,01-26,1.7208,3.71%,10.63%,19.92%,23.96%,46.66%,6.99%,https://www.howbuy.com/fund/006524
512560,易方达中证军工ETF,01-26,1.4128,-3.28%,3.47%,19.89%,23.97%,66.19%,-2.55%,https://www.howbuy.com/fund/512560
257060,国联安商品ETF联接,01-26,0.8083,3.47%,2.92%,19.87%,26.18%,47.23%,3.39%,https://www.howbuy.com/fund/257060
006525,前海开源MSCI中国A股指数C,01-26,1.7129,3.70%,10.60%,19.87%,23.82%,46.34%,6.98%,https://www.howbuy.com/fund/006525
000313,华安沪深300增强C,01-26,2.5779,2.06%,9.41%,19.82%,26.76%,56.33%,5.68%,https://www.howbuy.com/fund/000313
006560,华夏中证四川国改ETF联接A,01-26,1.4263,4.76%,8.47%,19.68%,29.23%,48.96%,5.93%,https://www.howbuy.com/fund/006560
512380,银华MSCI中国A股ETF,01-26,1.5601,2.02%,9.66%,19.66%,27.53%,50.92%,5.99%,https://www.howbuy.com/fund/512380
512810,华宝中证军工ETF,01-26,1.2627,-3.46%,3.59%,19.65%,21.66%,66.43%,-2.53%,https://www.howbuy.com/fund/512810
512360,平安MSCI中国A股国际ETF,01-26,1.7898,2.01%,9.64%,19.59%,25.67%,53.37%,6.04%,https://www.howbuy.com/fund/512360
006561,华夏中证四川国改ETF联接C,01-26,1.4176,4.75%,8.44%,19.59%,29.03%,48.50%,5.90%,https://www.howbuy.com/fund/006561
450008,国富沪深300指数增强,01-26,1.9040,2.09%,11.87%,19.45%,26.68%,55.05%,8.43%,https://www.howbuy.com/fund/450008
515350,民生加银沪深300ETF,01-26,6.0520,1.61%,10.01%,19.41%,29.40%,51.07%,6.16%,https://www.howbuy.com/fund/515350
161715,招商中证大宗商品指数LOF,01-26,1.1933,3.90%,5.29%,19.39%,19.56%,35.68%,5.89%,https://www.howbuy.com/fund/161715
167601,国金沪深300指数增强,01-26,1.3519,3.22%,10.32%,19.36%,24.29%,37.78%,6.63%,https://www.howbuy.com/fund/167601
167503,安信一带一路指数,01-26,1.3610,1.19%,9.05%,19.33%,21.31%,31.56%,7.76%,https://www.howbuy.com/fund/167503
513900,华安CES港股通精选100ETF,01-26,1.2114,-0.01%,11.34%,19.31%,20.23%,19.46%,8.36%,https://www.howbuy.com/fund/513900
240014,华宝中证100指数A,01-26,2.2787,1.44%,10.06%,19.30%,29.49%,50.79%,6.00%,https://www.howbuy.com/fund/240014
005832,景顺长城MSCI中国A股ETF,01-26,1.6266,2.15%,9.43%,19.28%,27.00%,47.82%,5.94%,https://www.howbuy.com/fund/005832
004854,广发中证全指汽车指数A,01-26,1.3639,2.56%,2.02%,19.26%,56.52%,74.21%,0.24%,https://www.howbuy.com/fund/004854
512550,嘉实富时中国A50ETF,01-26,1.8655,1.61%,10.13%,19.26%,28.87%,48.93%,5.48%,https://www.howbuy.com/fund/512550
007143,国投瑞银沪深300指数量化A,01-26,1.6129,1.24%,9.80%,19.25%,27.64%,51.77%,6.24%,https://www.howbuy.com/fund/007143
004855,广发中证全指汽车指数C,01-26,1.3610,2.56%,2.01%,19.22%,56.38%,73.89%,0.24%,https://www.howbuy.com/fund/004855
159912,汇添富深证300ETF,01-26,2.1305,2.82%,10.88%,19.19%,22.37%,49.52%,7.15%,https://www.howbuy.com/fund/159912
007405,华宝中证100指数C,01-26,2.2636,1.43%,10.02%,19.19%,29.22%,50.19%,5.97%,https://www.howbuy.com/fund/007405
000656,前海开源沪深300指数,01-26,1.9950,1.37%,9.56%,19.18%,27.97%,54.97%,5.84%,https://www.howbuy.com/fund/000656
006704,易方达MSCI中国A股联接A,01-26,1.6534,2.49%,9.45%,19.17%,26.31%,53.18%,6.02%,https://www.howbuy.com/fund/006704
410008,华富中证100指数,01-26,2.3773,1.33%,9.46%,19.16%,30.04%,49.60%,5.67%,https://www.howbuy.com/fund/410008
515930,永赢沪深300ETF,01-26,6.0754,1.51%,9.48%,19.15%,28.20%,--,5.76%,https://www.howbuy.com/fund/515930
512990,MSCI中国A股ETF,01-26,1.8746,2.07%,9.63%,19.14%,25.02%,50.45%,5.93%,https://www.howbuy.com/fund/512990
006705,易方达MSCI中国A股联接C,01-26,1.6465,2.49%,9.44%,19.14%,26.25%,53.02%,6.01%,https://www.howbuy.com/fund/006705
007144,国投瑞银沪深300指数量化C,01-26,1.6019,1.23%,9.76%,19.12%,27.38%,51.12%,6.21%,https://www.howbuy.com/fund/007144
512520,柏瑞MSCI中国A股ETF,01-26,1.7822,2.25%,9.78%,19.07%,25.76%,55.66%,6.16%,https://www.howbuy.com/fund/512520
213010,宝盈中证100指数增强A,01-26,2.5590,1.47%,9.55%,19.02%,29.24%,50.88%,5.79%,https://www.howbuy.com/fund/213010
160925,大成中华沪深港300指数(LOF)A,01-26,1.4238,1.24%,11.36%,19.02%,23.87%,35.27%,7.80%,https://www.howbuy.com/fund/160925
008973,大成中华沪深港300(LOF)C,01-26,1.4233,1.24%,11.36%,18.99%,23.83%,--,7.79%,https://www.howbuy.com/fund/008973
515770,上投摩根MSCI中国A股ETF,01-26,1.4235,2.06%,9.89%,18.95%,22.99%,--,6.26%,https://www.howbuy.com/fund/515770
512910,广发中证100ETF,01-26,1.5930,1.43%,9.96%,18.95%,29.14%,49.54%,5.94%,https://www.howbuy.com/fund/512910
163808,中银中证100指数增强,01-26,2.3290,1.39%,9.55%,18.89%,29.53%,50.36%,5.72%,https://www.howbuy.com/fund/163808
512180,建信MSCI中国A股国际通ETF,01-26,1.6099,2.07%,9.58%,18.87%,24.46%,46.35%,5.96%,https://www.howbuy.com/fund/512180
512150,富时中国A50ETF,01-26,1.9209,1.45%,8.80%,18.83%,27.10%,48.63%,4.49%,https://www.howbuy.com/fund/512150
008281,国泰CES半导体ETF联接A,01-26,1.7166,-2.55%,11.53%,18.83%,10.36%,37.38%,9.78%,https://www.howbuy.com/fund/008281
515310,添富沪深300ETF,01-26,1.4276,1.96%,9.74%,18.81%,24.76%,42.46%,6.19%,https://www.howbuy.com/fund/515310
007580,宝盈中证100指数增强C,01-26,2.5290,1.48%,9.48%,18.79%,28.70%,49.64%,5.73%,https://www.howbuy.com/fund/007580
502003,易方达中证军工指数(LOF),01-26,1.4269,-3.26%,3.48%,18.76%,22.65%,71.35%,-2.17%,https://www.howbuy.com/fund/502003
006034,富国MSCI中国A股国际指数,01-26,2.0516,2.65%,10.65%,18.75%,25.53%,53.21%,7.11%,https://www.howbuy.com/fund/006034
001344,易方达沪深300医药联接A,01-26,1.9009,7.11%,6.73%,18.75%,14.90%,60.49%,6.78%,https://www.howbuy.com/fund/001344
008282,国泰CES半导体ETF联接C,01-26,1.7106,-2.56%,11.49%,18.73%,10.18%,36.97%,9.76%,https://www.howbuy.com/fund/008282
007883,易方达沪深300医药联接C,01-26,1.8978,7.10%,6.73%,18.72%,14.84%,60.34%,6.77%,https://www.howbuy.com/fund/007883
501303,广发恒生中型股指数(LOF)A,01-26,1.1369,-0.42%,11.07%,18.70%,19.95%,23.97%,6.78%,https://www.howbuy.com/fund/501303
519100,长盛中证100指数,01-26,1.5662,1.35%,9.43%,18.69%,29.60%,51.24%,5.47%,https://www.howbuy.com/fund/519100
530018,建信深证100指数增强,01-26,2.8852,3.39%,10.82%,18.67%,25.31%,59.30%,6.44%,https://www.howbuy.com/fund/530018
160807,长盛沪深300指数LOF,01-26,1.7580,1.50%,9.19%,18.67%,26.85%,53.73%,5.52%,https://www.howbuy.com/fund/160807
160620,鹏华资源指数(LOF),01-26,1.3100,2.66%,2.26%,18.66%,15.93%,23.70%,3.31%,https://www.howbuy.com/fund/160620
501309,国泰恒生港股通指数LOF,01-26,1.3062,-0.13%,12.33%,18.66%,20.03%,25.51%,8.81%,https://www.howbuy.com/fund/501309
165515,中信保诚沪深300指数(LOF),01-26,1.2900,1.49%,9.69%,18.61%,25.88%,46.00%,6.00%,https://www.howbuy.com/fund/165515
007842,南华中证杭州湾区ETF联接A,01-26,1.4253,2.73%,10.74%,18.61%,23.36%,--,8.20%,https://www.howbuy.com/fund/007842
001015,华夏沪深300指数增强A,01-26,2.1870,2.01%,10.62%,18.60%,21.91%,44.36%,6.94%,https://www.howbuy.com/fund/001015
004996,广发恒生中型股指数(LOF)C,01-26,1.1227,-0.43%,11.00%,18.52%,19.58%,23.22%,6.74%,https://www.howbuy.com/fund/004996
006339,银华MSCI中国A股ETF联接A,01-26,1.6003,1.91%,9.14%,18.51%,25.59%,47.83%,5.63%,https://www.howbuy.com/fund/006339
007843,南华中证杭州湾区ETF联接C,01-26,1.4210,2.73%,10.70%,18.50%,23.12%,--,8.18%,https://www.howbuy.com/fund/007843
501050,华夏上证50AH优选指数LOF,01-26,1.7440,0.00%,10.66%,18.48%,20.03%,29.57%,6.54%,https://www.howbuy.com/fund/501050
008201,银华MSCI中国A股ETF联接C,01-26,1.5972,1.91%,9.13%,18.48%,25.53%,47.67%,5.62%,https://www.howbuy.com/fund/008201
515390,华安沪深300ETF,01-26,1.3712,1.42%,9.58%,18.43%,23.40%,40.61%,5.88%,https://www.howbuy.com/fund/515390
001016,华夏沪深300指数增强C,01-26,2.1220,1.97%,10.58%,18.42%,21.53%,43.67%,6.85%,https://www.howbuy.com/fund/001016
159916,深F60ETF,01-26,6.1277,0.92%,9.83%,18.41%,28.07%,40.05%,6.40%,https://www.howbuy.com/fund/159916
007275,银河沪深300指数增强A,01-26,1.6150,1.29%,10.05%,18.38%,30.02%,51.16%,6.19%,https://www.howbuy.com/fund/007275
162307,海富通中证100指数(LOF)A,01-26,1.7130,1.00%,9.46%,18.38%,29.48%,50.75%,5.74%,https://www.howbuy.com/fund/162307
006395,华夏上证50AH优选(LOF)C,01-26,1.7250,0.00%,10.65%,18.31%,19.54%,28.83%,6.55%,https://www.howbuy.com/fund/006395
512160,MSCI中国A股国际通ETF,01-26,1.7699,2.11%,9.51%,18.31%,25.10%,53.44%,5.99%,https://www.howbuy.com/fund/512160
159984,南方粤港澳大湾区ETF,01-26,1.4874,1.81%,11.10%,18.30%,28.51%,50.56%,7.98%,https://www.howbuy.com/fund/159984
501067,招商富时A-H50指数(LOF)A,01-26,1.6134,0.63%,10.36%,18.28%,20.68%,29.93%,6.03%,https://www.howbuy.com/fund/501067
003876,华宝沪深300增强A,01-26,2.2575,1.78%,10.11%,18.27%,26.34%,55.68%,6.23%,https://www.howbuy.com/fund/003876
161213,国投瑞银中证消费服务指数,01-26,2.7640,4.86%,9.08%,18.27%,22.63%,60.23%,5.18%,https://www.howbuy.com/fund/161213
002310,创金合信沪深300增强A,01-26,1.7607,0.96%,10.06%,18.26%,26.47%,52.36%,5.92%,https://www.howbuy.com/fund/002310
007276,银河沪深300指数增强C,01-26,1.6031,1.28%,10.00%,18.23%,29.69%,50.40%,6.15%,https://www.howbuy.com/fund/007276
002315,创金合信沪深300增强C,01-26,1.7602,0.96%,10.05%,18.23%,26.41%,52.23%,5.91%,https://www.howbuy.com/fund/002315
005788,MSCI中国A股国际通联接A,01-26,1.8714,1.99%,9.55%,18.23%,25.47%,52.58%,5.26%,https://www.howbuy.com/fund/005788
000042,中证财通可持续发展100A,01-26,1.9777,1.02%,9.43%,18.22%,29.28%,48.50%,6.09%,https://www.howbuy.com/fund/000042
003015,中金沪深300指数A,01-26,2.0428,1.04%,9.45%,18.22%,27.51%,55.42%,5.48%,https://www.howbuy.com/fund/003015
005870,鹏华沪深300指数,01-26,1.5246,2.09%,10.15%,18.21%,25.43%,48.86%,6.73%,https://www.howbuy.com/fund/005870
515580,华泰柏瑞中证科技100ETF,01-26,1.7968,3.10%,11.09%,18.21%,21.55%,54.74%,8.65%,https://www.howbuy.com/fund/515580
005868,平安MSCI中国A股ETF联接A,01-26,1.7769,1.82%,8.99%,18.19%,23.34%,47.93%,5.64%,https://www.howbuy.com/fund/005868
005869,平安MSCI中国A股ETF联接C,01-26,1.7705,1.82%,8.99%,18.17%,23.28%,47.79%,5.63%,https://www.howbuy.com/fund/005869
501068,招商富时A-H50指数(LOF)C,01-26,1.5997,0.63%,10.32%,18.16%,20.44%,29.43%,6.01%,https://www.howbuy.com/fund/501068
007404,华宝沪深300增强C,01-26,2.2433,1.77%,10.07%,18.16%,26.08%,55.06%,6.20%,https://www.howbuy.com/fund/007404
160615,鹏华沪深300指数(LOF)A,01-26,2.5660,1.50%,9.15%,18.14%,26.03%,49.10%,5.64%,https://www.howbuy.com/fund/160615
003884,汇安沪深300指数增强A,01-26,2.0112,2.11%,9.96%,18.13%,25.21%,52.55%,6.48%,https://www.howbuy.com/fund/003884
470068,汇添富深证300ETF联接,01-26,2.1484,2.69%,10.29%,18.12%,21.11%,47.36%,6.76%,https://www.howbuy.com/fund/470068
005789,MSCI中国A股国际通联接C,01-26,1.8516,1.99%,9.51%,18.10%,25.22%,51.96%,5.23%,https://www.howbuy.com/fund/005789
003579,中金沪深300指数C,01-26,2.0833,1.04%,9.41%,18.10%,27.25%,54.80%,5.45%,https://www.howbuy.com/fund/003579
006939,鹏华沪深300指数(LOF)C,01-26,1.9580,1.50%,9.08%,18.09%,25.92%,48.78%,5.61%,https://www.howbuy.com/fund/006939
005288,海富通创业板增强A,01-26,1.9627,5.49%,11.59%,18.08%,23.51%,62.72%,8.65%,https://www.howbuy.com/fund/005288
100038,富国沪深300增强,01-26,2.2610,3.24%,11.32%,18.07%,20.20%,35.31%,7.87%,https://www.howbuy.com/fund/100038
000596,前海开源中证军工指数A,01-26,2.1000,-3.27%,3.55%,18.04%,18.31%,65.62%,-2.14%,https://www.howbuy.com/fund/000596
005530,汇添富沪深300指数增强A,01-26,1.8542,1.87%,9.33%,18.04%,27.47%,58.26%,6.16%,https://www.howbuy.com/fund/005530
165309,建信沪深300指数LOF,01-26,1.8945,1.40%,9.48%,18.02%,26.20%,47.15%,5.81%,https://www.howbuy.com/fund/165309
003885,汇安沪深300指数增强C,01-26,1.8615,2.10%,9.91%,18.01%,24.97%,51.95%,6.45%,https://www.howbuy.com/fund/003885
002199,前海开源中证军工指数C,01-26,1.0690,-3.26%,3.48%,17.99%,18.12%,65.22%,-2.20%,https://www.howbuy.com/fund/002199
162213,泰达宏利沪深300指数增强A,01-26,2.4638,1.80%,9.72%,17.99%,25.13%,49.77%,6.10%,https://www.howbuy.com/fund/162213
510390,平安沪深300ETF,01-26,5.6591,1.42%,9.46%,17.96%,23.88%,43.73%,5.84%,https://www.howbuy.com/fund/510390
005287,海富通创业板增强C,01-26,1.9427,5.48%,11.56%,17.96%,23.27%,62.07%,8.62%,https://www.howbuy.com/fund/005287
320014,诺安沪深300指数增强A,01-26,1.7524,1.21%,9.28%,17.96%,27.61%,49.38%,5.45%,https://www.howbuy.com/fund/320014
000975,MSCI中国A股ETF联接A,01-26,1.4763,1.93%,9.02%,17.93%,21.95%,43.95%,5.53%,https://www.howbuy.com/fund/000975
003548,泰达宏利沪深300指数增强C,01-26,2.4654,1.80%,9.70%,17.90%,24.94%,49.31%,6.08%,https://www.howbuy.com/fund/003548
004488,嘉实富时中国A50ETF联接A,01-26,1.7554,1.50%,9.36%,17.90%,26.69%,45.21%,5.01%,https://www.howbuy.com/fund/004488
165810,东吴沪深300指数C,01-26,1.6311,1.49%,8.72%,17.88%,22.30%,36.40%,5.45%,https://www.howbuy.com/fund/165810
165806,东吴沪深300指数A,01-26,1.6311,1.49%,8.72%,17.88%,22.30%,36.40%,5.45%,https://www.howbuy.com/fund/165806
159983,华夏粤港澳大湾区100ETF,01-26,1.5341,1.70%,10.85%,17.87%,25.52%,--,7.73%,https://www.howbuy.com/fund/159983
007538,永赢沪深300指数A,01-26,1.6080,1.36%,9.14%,17.87%,26.21%,49.44%,5.59%,https://www.howbuy.com/fund/007538
320010,诺安中证100指数A,01-26,2.1770,1.63%,8.15%,17.87%,29.74%,49.99%,4.36%,https://www.howbuy.com/fund/320010
005735,MSCI中国A股ETF联接C,01-26,1.4706,1.93%,9.00%,17.85%,21.76%,43.54%,5.51%,https://www.howbuy.com/fund/005735
512920,新华MSCI中国A股国际ETF,01-26,1.9269,1.97%,9.40%,17.84%,22.48%,48.42%,5.89%,https://www.howbuy.com/fund/512920
007539,永赢沪深300指数C,01-26,1.6053,1.35%,9.12%,17.84%,26.14%,49.29%,5.58%,https://www.howbuy.com/fund/007539
159923,大成中证100ETF,01-26,2.4590,1.36%,9.53%,17.82%,26.10%,40.51%,5.76%,https://www.howbuy.com/fund/159923
000368,汇添富沪深300安中指数,01-26,2.5251,2.40%,8.29%,17.80%,25.58%,54.73%,6.32%,https://www.howbuy.com/fund/000368
159979,广发粤港澳大湾区100ETF,01-26,1.4204,1.68%,11.04%,17.80%,24.14%,41.98%,7.93%,https://www.howbuy.com/fund/159979
160136,南方中证国企改革指数(LOF)A,01-26,1.1058,-0.12%,9.14%,17.79%,20.91%,40.52%,5.51%,https://www.howbuy.com/fund/160136
159925,南方沪深300ETF,01-26,2.5799,1.41%,9.38%,17.79%,24.36%,45.72%,5.81%,https://www.howbuy.com/fund/159925
510360,广发沪深300ETF,01-26,1.8631,1.42%,9.34%,17.78%,23.48%,41.76%,5.76%,https://www.howbuy.com/fund/510360
005229,嘉实富时中国A50ETF联接C,01-26,1.5660,1.48%,9.32%,17.78%,26.43%,44.63%,4.98%,https://www.howbuy.com/fund/005229
008776,华安沪深300ETF联接A,01-26,1.1705,1.38%,9.47%,17.77%,--,--,5.81%,https://www.howbuy.com/fund/008776
512320,工银MSCI中国ETF,01-26,1.1652,2.06%,9.40%,17.77%,18.67%,--,5.91%,https://www.howbuy.com/fund/512320
161612,融通深证成份指数A,01-26,1.3730,2.77%,9.92%,17.73%,22.66%,49.67%,6.58%,https://www.howbuy.com/fund/161612
160638,鹏华中证一带一路指数LOF,01-26,1.4940,1.08%,8.34%,17.73%,22.56%,38.92%,7.40%,https://www.howbuy.com/fund/160638
008944,上投摩根MSCI A股ETF联接A,01-26,1.1669,1.87%,9.20%,17.71%,16.84%,--,5.78%,https://www.howbuy.com/fund/008944
008777,华安沪深300ETF联接C,01-26,1.1694,1.37%,9.45%,17.71%,--,--,5.80%,https://www.howbuy.com/fund/008777
515660,国联安沪深300ETF,01-26,5.8252,1.42%,9.36%,17.70%,24.02%,46.09%,5.76%,https://www.howbuy.com/fund/515660
008945,上投摩根MSCI A股ETF联接C,01-26,1.1663,1.87%,9.19%,17.68%,16.78%,--,5.78%,https://www.howbuy.com/fund/008945
006286,华泰柏瑞MSCIETF联接A,01-26,1.7774,2.07%,9.15%,17.67%,23.35%,49.89%,5.75%,https://www.howbuy.com/fund/006286
510310,易方达沪深300发起式ETF,01-26,2.5056,1.39%,9.34%,17.67%,23.08%,41.19%,5.78%,https://www.howbuy.com/fund/510310
164508,国富中证100指数增强LOF,01-26,1.5900,1.47%,9.43%,17.60%,27.10%,44.55%,5.72%,https://www.howbuy.com/fund/164508
006293,华泰柏瑞MSCIETF联接C,01-26,1.7595,2.06%,9.12%,17.59%,23.19%,49.51%,5.73%,https://www.howbuy.com/fund/006293
005829,建信MSCI联接A,01-26,1.7188,1.94%,8.98%,17.58%,22.63%,42.89%,5.56%,https://www.howbuy.com/fund/005829
000176,嘉实沪深300指数研究增强,01-26,2.0976,1.95%,10.41%,17.58%,21.76%,43.40%,6.69%,https://www.howbuy.com/fund/000176
513990,招商上证港股通ETF,01-26,1.1565,1.08%,13.54%,17.58%,--,--,10.55%,https://www.howbuy.com/fund/513990
007135,广发中证100ETF联接A,01-26,1.5020,1.25%,9.29%,17.57%,26.78%,45.18%,5.51%,https://www.howbuy.com/fund/007135
370023,上投摩根中证消费指数,01-26,2.5746,4.13%,9.50%,17.56%,20.25%,55.19%,5.87%,https://www.howbuy.com/fund/370023
004875,融通深证成份指数C,01-26,1.3800,2.68%,9.87%,17.55%,22.34%,49.03%,6.48%,https://www.howbuy.com/fund/004875
515330,天弘沪深300ETF,01-26,1.4208,1.40%,9.33%,17.54%,23.00%,41.37%,5.76%,https://www.howbuy.com/fund/515330
202211,南方中证100指数A,01-26,1.7861,1.30%,8.93%,17.54%,29.88%,49.40%,5.44%,https://www.howbuy.com/fund/202211
007136,广发中证100ETF联接C,01-26,1.4981,1.25%,9.28%,17.53%,26.71%,45.02%,5.50%,https://www.howbuy.com/fund/007136
510330,华夏沪深300ETF,01-26,5.5164,1.36%,9.29%,17.49%,22.61%,40.09%,5.74%,https://www.howbuy.com/fund/510330
510380,国寿安保沪深300ETF,01-26,1.4403,1.37%,9.20%,17.49%,22.67%,39.60%,5.63%,https://www.howbuy.com/fund/510380
009374,浦银安盛MSCIA股ETF联接A,01-26,1.1734,2.18%,8.98%,17.48%,--,--,5.94%,https://www.howbuy.com/fund/009374
161035,富国中证医药主题增强LOF,01-26,2.3190,8.72%,12.52%,17.48%,13.51%,72.93%,11.38%,https://www.howbuy.com/fund/161035
005830,建信MSCI联接C,01-26,1.6988,1.93%,8.94%,17.46%,22.38%,42.30%,5.54%,https://www.howbuy.com/fund/005830
510300,华泰柏瑞沪深300ETF,01-26,5.5145,1.38%,9.27%,17.46%,22.46%,39.72%,5.72%,https://www.howbuy.com/fund/510300
020011,国泰沪深300指数A,01-26,1.1149,1.41%,9.07%,17.45%,23.56%,43.64%,5.59%,https://www.howbuy.com/fund/020011
005691,南方中证100指数C,01-26,1.7660,1.30%,8.88%,17.42%,29.61%,48.80%,5.40%,https://www.howbuy.com/fund/005691
007806,建信MSCI中国A股指数增强A,01-26,1.5621,3.07%,10.72%,17.42%,24.65%,58.20%,6.66%,https://www.howbuy.com/fund/007806
050002,博时沪深300指数A,01-26,2.1044,2.02%,10.02%,17.41%,22.63%,39.98%,6.43%,https://www.howbuy.com/fund/050002
009375,浦银安盛MSCIA股ETF联接C,01-26,1.1722,2.16%,8.94%,17.40%,--,--,5.92%,https://www.howbuy.com/fund/009375
515380,泰康沪深300ETF,01-26,5.6239,1.39%,9.34%,17.39%,22.81%,41.20%,5.76%,https://www.howbuy.com/fund/515380
530015,建信深证基本面60ETF联接A,01-26,3.1122,0.86%,9.28%,17.39%,26.26%,37.69%,6.06%,https://www.howbuy.com/fund/530015
161816,银华中证等权重90指数(LOF),01-26,1.1287,2.41%,10.43%,17.39%,27.66%,51.49%,7.22%,https://www.howbuy.com/fund/161816
512680,广发中证军工ETF,01-26,1.2758,-3.52%,3.26%,17.37%,17.00%,60.18%,-2.70%,https://www.howbuy.com/fund/512680
501043,汇添富沪深300指数(LOF)A,01-26,1.6296,1.37%,9.01%,17.36%,26.03%,47.53%,5.57%,https://www.howbuy.com/fund/501043
008291,民生加银沪深300ETF联接A,01-26,1.4403,1.50%,9.22%,17.36%,26.24%,45.88%,5.30%,https://www.howbuy.com/fund/008291
159976,工银粤港澳大湾创新100ETF,01-26,1.4640,1.72%,10.85%,17.35%,23.68%,41.19%,7.78%,https://www.howbuy.com/fund/159976
159919,嘉实沪深300ETF,01-26,5.5001,1.37%,9.29%,17.34%,22.34%,39.78%,5.74%,https://www.howbuy.com/fund/159919
162509,国联安中证100指数(LOF),01-26,1.0800,1.50%,8.76%,17.34%,28.28%,50.83%,5.16%,https://www.howbuy.com/fund/162509
200002,长城久泰沪深300指数A,01-26,2.6619,1.64%,9.89%,17.33%,23.06%,43.59%,6.33%,https://www.howbuy.com/fund/200002
006600,人保沪深300指数,01-26,1.6641,1.36%,8.69%,17.31%,25.62%,51.72%,5.38%,https://www.howbuy.com/fund/006600
005867,国泰沪深300指数C,01-26,1.2753,1.40%,9.03%,17.30%,23.25%,42.92%,5.55%,https://www.howbuy.com/fund/005867
007807,建信MSCI中国A股指数增强C,01-26,1.5546,3.05%,10.67%,17.30%,24.39%,57.58%,6.63%,https://www.howbuy.com/fund/007807
008399,华泰柏瑞中证科技ETF联接A,01-26,1.5299,3.07%,10.49%,17.30%,20.61%,--,8.28%,https://www.howbuy.com/fund/008399
008292,民生加银沪深300ETF联接C,01-26,1.4371,1.50%,9.20%,17.30%,26.12%,45.59%,5.28%,https://www.howbuy.com/fund/008292
000835,华润元大富时中国A50指数A,01-26,3.1106,0.39%,9.09%,17.29%,28.59%,53.61%,4.79%,https://www.howbuy.com/fund/000835
501045,汇添富沪深300指数(LOF)C,01-26,1.6213,1.36%,8.99%,17.29%,25.88%,47.15%,5.55%,https://www.howbuy.com/fund/501045
002385,博时沪深300指数C,01-26,2.0892,2.01%,9.98%,17.29%,22.37%,39.41%,6.39%,https://www.howbuy.com/fund/002385
512660,国泰中证军工ETF,01-26,1.2494,-3.53%,3.30%,17.26%,16.69%,58.80%,-2.63%,https://www.howbuy.com/fund/512660
009079,南方粤港澳大湾区联接A,01-26,1.4843,1.73%,10.46%,17.25%,26.41%,--,7.50%,https://www.howbuy.com/fund/009079
162416,华宝恒生香港35指数(LOF),01-26,1.0524,-1.16%,8.05%,17.25%,16.61%,2.80%,5.45%,https://www.howbuy.com/fund/162416
006363,建信深证基本面60ETF联接C,01-26,3.1034,0.85%,9.23%,17.24%,25.93%,36.99%,6.02%,https://www.howbuy.com/fund/006363
006912,长城久泰沪深300指数C,01-26,2.2846,1.63%,9.86%,17.24%,22.87%,43.16%,6.30%,https://www.howbuy.com/fund/006912
009080,南方粤港澳大湾区联接C,01-26,1.4831,1.73%,10.44%,17.23%,26.35%,--,7.49%,https://www.howbuy.com/fund/009080
008400,华泰柏瑞中证科技ETF联接C,01-26,1.5264,3.07%,10.47%,17.23%,20.45%,--,8.26%,https://www.howbuy.com/fund/008400
510130,易方达上证中盘ETF,01-26,5.7822,1.10%,7.14%,17.21%,22.68%,43.76%,4.26%,https://www.howbuy.com/fund/510130
159943,大成深证成份ETF,01-26,17.1930,2.47%,9.41%,17.21%,21.31%,47.76%,6.11%,https://www.howbuy.com/fund/159943
510350,工银瑞信沪深300ETF,01-26,5.5355,1.39%,9.24%,17.20%,22.07%,38.90%,5.73%,https://www.howbuy.com/fund/510350
005813,华安港股通100ETF联接A,01-26,1.1767,-0.20%,9.85%,17.19%,17.80%,16.92%,7.06%,https://www.howbuy.com/fund/005813
000826,广发百发100指数A,01-26,1.6910,2.30%,14.03%,17.19%,14.57%,32.84%,10.09%,https://www.howbuy.com/fund/000826
000827,广发百发100指数E,01-26,1.6880,2.30%,13.98%,17.14%,14.52%,32.81%,10.04%,https://www.howbuy.com/fund/000827
310318,申万菱信沪深300指数增强A,01-26,3.8113,0.78%,9.20%,17.14%,22.07%,48.83%,5.69%,https://www.howbuy.com/fund/310318
161026,富国中证国有企业改革指数,01-26,1.1680,-0.17%,8.96%,17.09%,19.32%,36.99%,5.32%,https://www.howbuy.com/fund/161026
005814,华安港股通100ETF联接C,01-26,1.1878,-0.21%,9.80%,17.06%,17.55%,16.45%,7.03%,https://www.howbuy.com/fund/005814
161037,富国中证高端制造指数LOF,01-26,2.1638,3.53%,9.99%,17.06%,21.28%,57.41%,9.06%,https://www.howbuy.com/fund/161037
003475,前海联合沪深300指数A,01-26,1.8119,1.10%,9.22%,17.03%,22.18%,45.91%,5.84%,https://www.howbuy.com/fund/003475
510660,华夏医药ETF,01-26,3.4709,6.94%,7.87%,17.03%,20.35%,71.43%,6.94%,https://www.howbuy.com/fund/510660
007804,申万菱信沪深300指数增强C,01-26,1.6429,0.77%,9.16%,17.02%,21.82%,48.25%,5.66%,https://www.howbuy.com/fund/007804
163115,申万菱信中证军工指数,01-26,1.1974,-3.40%,3.06%,17.01%,17.17%,60.08%,-2.59%,https://www.howbuy.com/fund/163115
005567,创金合信MSCI中国A股指数A,01-26,1.5723,1.81%,8.70%,16.99%,21.86%,44.12%,5.35%,https://www.howbuy.com/fund/005567
501086,华宝MSCI中国ESG指数LOF,01-26,1.5620,1.73%,9.09%,16.98%,23.36%,45.48%,5.55%,https://www.howbuy.com/fund/501086
202015,南方沪深300ETF联接A,01-26,2.2021,1.30%,8.98%,16.96%,23.11%,43.09%,5.57%,https://www.howbuy.com/fund/202015
008100,广发湾创100ETF联接A,01-26,1.3264,1.64%,10.48%,16.96%,23.28%,--,7.51%,https://www.howbuy.com/fund/008100
510370,兴业沪深300ETF,01-26,1.1584,1.37%,9.18%,16.94%,--,--,5.68%,https://www.howbuy.com/fund/510370
008101,广发湾创100ETF联接C,01-26,1.3255,1.64%,10.47%,16.93%,23.22%,--,7.50%,https://www.howbuy.com/fund/008101
005568,创金合信MSCI中国A股指数C,01-26,1.5619,1.81%,8.68%,16.93%,21.74%,43.82%,5.34%,https://www.howbuy.com/fund/005568
007039,前海联合沪深300指数C,01-26,1.7988,1.10%,9.18%,16.91%,21.93%,45.32%,5.81%,https://www.howbuy.com/fund/007039
006698,红土创新沪深300增强A,01-26,1.6483,1.73%,8.86%,16.90%,23.50%,44.21%,5.34%,https://www.howbuy.com/fund/006698
160219,国泰国证医药卫生行业指数,01-26,1.0569,7.52%,8.67%,16.87%,14.62%,68.43%,7.90%,https://www.howbuy.com/fund/160219
007044,博道沪深300增强A,01-26,1.7259,1.88%,8.72%,16.86%,23.25%,51.78%,5.19%,https://www.howbuy.com/fund/007044
004342,南方沪深300ETF联接C,01-26,2.1951,1.29%,8.95%,16.84%,22.86%,42.51%,5.54%,https://www.howbuy.com/fund/004342
006699,红土创新沪深300增强C,01-26,1.6354,1.72%,8.83%,16.81%,23.31%,43.77%,5.32%,https://www.howbuy.com/fund/006699
515160,招商MSCI中国A股国际通ETF,01-26,1.5259,2.07%,9.16%,16.81%,21.83%,--,5.71%,https://www.howbuy.com/fund/515160
005761,招商MSCI中国A股国际通ETF联接A,01-26,1.6157,1.94%,8.90%,16.81%,20.98%,41.01%,5.49%,https://www.howbuy.com/fund/005761
110020,易方达沪深300ETF联接A,01-26,1.9483,1.32%,8.84%,16.80%,22.15%,39.56%,5.47%,https://www.howbuy.com/fund/110020
005639,平安300ETF联接A,01-26,1.5023,1.32%,8.82%,16.79%,22.29%,41.02%,5.50%,https://www.howbuy.com/fund/005639
000961,天弘沪深300ETF联接A,01-26,1.7197,1.32%,8.97%,16.76%,22.17%,40.71%,5.52%,https://www.howbuy.com/fund/000961
007541,新华MSCI中国A股ETF联接,01-26,1.5104,1.87%,8.87%,16.75%,20.60%,44.09%,5.54%,https://www.howbuy.com/fund/007541
007045,博道沪深300增强C,01-26,1.7139,1.87%,8.68%,16.74%,23.00%,51.16%,5.17%,https://www.howbuy.com/fund/007045
007339,易方达沪深300ETF联接C,01-26,1.9414,1.31%,8.82%,16.74%,22.03%,39.28%,5.45%,https://www.howbuy.com/fund/007339
159903,深成ETF,01-26,1.7399,2.38%,9.53%,16.71%,20.99%,47.62%,6.12%,https://www.howbuy.com/fund/159903
004190,招商沪深300指数A,01-26,1.9364,1.75%,9.22%,16.71%,26.59%,53.38%,5.65%,https://www.howbuy.com/fund/004190
005918,天弘沪深300ETF联接C,01-26,1.5207,1.31%,8.94%,16.70%,22.05%,40.42%,5.50%,https://www.howbuy.com/fund/005918
000311,景顺长城沪深300指数增强,01-26,2.9990,2.42%,10.79%,16.69%,19.86%,38.08%,7.22%,https://www.howbuy.com/fund/000311
270010,广发沪深300ETF联接A,01-26,2.6158,1.28%,8.77%,16.67%,21.87%,37.99%,5.39%,https://www.howbuy.com/fund/270010
005640,平安300ETF联接C,01-26,1.4853,1.31%,8.78%,16.67%,22.04%,40.44%,5.47%,https://www.howbuy.com/fund/005640
008199,华夏粤港澳大湾区100ETF联接A,01-26,1.4460,1.58%,10.13%,16.66%,23.34%,--,7.18%,https://www.howbuy.com/fund/008199
005762,招商MSCI中国A股国际通ETF联接C,01-26,1.5933,1.93%,8.85%,16.66%,20.67%,40.30%,5.45%,https://www.howbuy.com/fund/005762
003017,广发中证军工ETF联接A,01-26,1.2113,-3.19%,3.57%,16.65%,16.00%,54.35%,-2.11%,https://www.howbuy.com/fund/003017
002987,广发沪深300ETF联接C,01-26,2.5847,1.27%,8.75%,16.62%,21.75%,37.72%,5.37%,https://www.howbuy.com/fund/002987
161024,富国中证军工指数,01-26,1.2210,-3.33%,3.21%,16.61%,15.95%,53.66%,-2.40%,https://www.howbuy.com/fund/161024
008238,中泰沪深300指数增强A,01-26,1.6051,1.25%,8.36%,16.61%,26.57%,--,5.09%,https://www.howbuy.com/fund/008238
004191,招商沪深300指数C,01-26,1.9112,1.74%,9.18%,16.59%,26.33%,52.76%,5.63%,https://www.howbuy.com/fund/004191
005693,广发中证军工ETF联接C,01-26,1.2088,-3.20%,3.56%,16.59%,15.89%,54.05%,-2.13%,https://www.howbuy.com/fund/005693
008200,华夏粤港澳大湾区100ETF联接C,01-26,1.4428,1.58%,10.10%,16.57%,23.15%,--,7.16%,https://www.howbuy.com/fund/008200
159959,银华中证央企结构调整ETF,01-26,1.2794,-0.61%,8.23%,16.52%,18.10%,26.16%,5.04%,https://www.howbuy.com/fund/159959
460300,华泰柏瑞沪深300ETF联接A,01-26,1.5303,1.42%,8.96%,16.50%,21.31%,37.86%,5.58%,https://www.howbuy.com/fund/460300
481009,工银沪深300指数A,01-26,1.3004,1.33%,8.86%,16.50%,21.45%,37.40%,5.51%,https://www.howbuy.com/fund/481009
008239,中泰沪深300指数增强C,01-26,1.5998,1.23%,8.32%,16.48%,26.31%,--,5.05%,https://www.howbuy.com/fund/008239
660008,农银汇理沪深300指数A,01-26,1.9262,1.33%,8.84%,16.47%,21.33%,39.01%,5.48%,https://www.howbuy.com/fund/660008
001397,建信精工制造指数增强,01-26,1.8831,2.29%,8.66%,16.47%,22.97%,58.66%,6.14%,https://www.howbuy.com/fund/001397
000613,国寿安保沪深300ETF联接,01-26,1.4158,1.30%,8.68%,16.46%,21.31%,37.21%,5.33%,https://www.howbuy.com/fund/000613
519034,海富通中证500指数增强A,01-26,2.0428,5.25%,11.25%,16.45%,18.61%,43.35%,9.01%,https://www.howbuy.com/fund/519034
006131,华泰柏瑞沪深300ETF联接C,01-26,1.5209,1.41%,8.95%,16.43%,21.16%,37.53%,5.57%,https://www.howbuy.com/fund/006131
000051,华夏沪深300ETF联接A,01-26,1.8429,1.30%,8.87%,16.41%,21.27%,37.63%,5.47%,https://www.howbuy.com/fund/000051
008926,泰康沪深300ETF联接A,01-26,1.2489,1.31%,8.82%,16.39%,21.05%,--,5.38%,https://www.howbuy.com/fund/008926
006937,工银沪深300指数C,01-26,1.2955,1.32%,8.82%,16.39%,21.19%,36.84%,5.47%,https://www.howbuy.com/fund/006937
512950,华夏中证央企ETF,01-26,1.2182,-0.60%,8.03%,16.38%,17.51%,25.72%,4.88%,https://www.howbuy.com/fund/512950
007657,东方红中证竞争力指数A,01-26,1.5522,1.40%,8.94%,16.38%,22.39%,43.67%,5.46%,https://www.howbuy.com/fund/007657
008390,国联安沪深300ETF联接A,01-26,1.4252,1.32%,8.74%,16.38%,22.22%,42.93%,5.39%,https://www.howbuy.com/fund/008390
009004,海富通中证500指数增强C,01-26,2.0384,5.25%,11.23%,16.38%,18.46%,--,9.00%,https://www.howbuy.com/fund/009004
005152,农银汇理沪深300指数C,01-26,1.9078,1.32%,8.81%,16.35%,21.08%,38.44%,5.44%,https://www.howbuy.com/fund/005152
510100,易方达上证50ETF,01-26,1.4644,0.13%,8.47%,16.33%,24.07%,42.78%,4.69%,https://www.howbuy.com/fund/510100
008391,国联安沪深300ETF联接C,01-26,1.4246,1.32%,8.72%,16.32%,22.09%,42.65%,5.38%,https://www.howbuy.com/fund/008391
005658,华夏沪深300ETF联接C,01-26,1.8253,1.30%,8.84%,16.32%,21.09%,37.24%,5.45%,https://www.howbuy.com/fund/005658
008052,工银湾创100ETF联接A,01-26,1.3529,1.61%,10.19%,16.32%,22.22%,35.34%,7.30%,https://www.howbuy.com/fund/008052
009059,南方沪深300增强A,01-26,1.5666,1.75%,9.32%,16.30%,27.51%,--,5.09%,https://www.howbuy.com/fund/009059
008927,泰康沪深300ETF联接C,01-26,1.2461,1.30%,8.78%,16.28%,20.82%,--,5.36%,https://www.howbuy.com/fund/008927
007658,东方红中证竞争力指数C,01-26,1.5424,1.39%,8.90%,16.27%,22.15%,43.09%,5.43%,https://www.howbuy.com/fund/007658
510600,申万菱信上证50ETF,01-26,4.2452,0.22%,8.80%,16.22%,22.49%,37.71%,4.87%,https://www.howbuy.com/fund/510600
006063,景顺MSCI中国A股指数增强,01-26,1.7335,2.43%,9.56%,16.22%,19.90%,46.15%,6.21%,https://www.howbuy.com/fund/006063
512860,华安MSCI中国A股国际ETF,01-26,1.7914,1.93%,8.59%,16.21%,19.28%,38.80%,5.53%,https://www.howbuy.com/fund/512860
008053,工银湾创100ETF联接C,01-26,1.3470,1.60%,10.15%,16.19%,21.98%,34.79%,7.26%,https://www.howbuy.com/fund/008053
159902,华夏中小板ETF,01-26,5.1030,2.43%,10.79%,16.19%,21.15%,48.04%,8.46%,https://www.howbuy.com/fund/159902
009060,南方沪深300增强C,01-26,1.5618,1.74%,9.28%,16.18%,27.24%,--,5.06%,https://www.howbuy.com/fund/009060
501302,南方恒生联接A,01-26,1.1277,-0.66%,10.98%,16.14%,11.78%,2.45%,7.76%,https://www.howbuy.com/fund/501302
110021,易方达上证中盘ETF联接A,01-26,1.9376,1.02%,6.71%,16.10%,21.18%,40.78%,4.00%,https://www.howbuy.com/fund/110021
510680,万家上证50ETF,01-26,3.4508,0.19%,8.83%,16.08%,22.13%,38.03%,4.86%,https://www.howbuy.com/fund/510680
002670,万家沪深300指数增强A,01-26,1.6011,1.82%,9.17%,16.08%,23.76%,52.48%,6.01%,https://www.howbuy.com/fund/002670
501023,鹏华香港中小企业指数LOF,01-26,1.1735,-1.11%,8.11%,16.07%,11.56%,7.68%,7.12%,https://www.howbuy.com/fund/501023
004743,易方达上证中盘ETF联接C,01-26,1.9824,1.02%,6.69%,16.03%,21.03%,40.44%,3.99%,https://www.howbuy.com/fund/004743
005659,南方恒生联接C,01-26,1.1147,-0.67%,10.95%,16.03%,11.55%,2.04%,7.73%,https://www.howbuy.com/fund/005659
161118,易方达中小板指数LOF,01-26,1.6585,2.40%,10.31%,16.03%,22.87%,48.54%,8.11%,https://www.howbuy.com/fund/161118
159909,招商深证TMT50ETF,01-26,7.9188,0.03%,13.12%,16.03%,18.98%,38.98%,9.42%,https://www.howbuy.com/fund/159909
006119,银华央企结构调整ETF联接,01-26,1.1901,-0.59%,7.81%,16.02%,15.69%,23.84%,4.57%,https://www.howbuy.com/fund/006119
160706,嘉实沪深300ETF联接(LOF)A,01-26,1.5350,1.30%,8.67%,16.00%,20.33%,36.22%,5.32%,https://www.howbuy.com/fund/160706
002671,万家沪深300指数增强C,01-26,2.0163,1.82%,9.14%,15.97%,23.51%,51.85%,5.98%,https://www.howbuy.com/fund/002671
515810,易方达中证800ETF,01-26,1.5033,1.17%,7.96%,15.92%,22.94%,51.18%,4.74%,https://www.howbuy.com/fund/515810
501009,汇添富中证生物科技(LOF)A,01-26,2.6609,8.74%,7.62%,15.90%,11.43%,87.04%,7.67%,https://www.howbuy.com/fund/501009
163111,申万菱信中小板指数(LOF)A,01-26,1.6325,2.44%,10.43%,15.90%,22.29%,48.65%,8.17%,https://www.howbuy.com/fund/163111
163118,申万菱信中证申万医药生物指数,01-26,1.1515,6.85%,8.05%,15.88%,14.70%,70.33%,7.24%,https://www.howbuy.com/fund/163118
160724,嘉实沪深300ETF联接(LOF)C,01-26,1.5987,1.29%,8.63%,15.87%,20.08%,35.65%,5.29%,https://www.howbuy.com/fund/160724
005248,新华沪深300指数增强A,01-26,1.4749,1.22%,9.04%,15.84%,21.44%,50.36%,5.55%,https://www.howbuy.com/fund/005248
515000,华宝中证科技龙头ETF,01-26,1.9469,-0.23%,10.17%,15.83%,13.22%,38.52%,7.17%,https://www.howbuy.com/fund/515000
202017,南方深证成份ETF联接A,01-26,1.3097,2.25%,9.07%,15.83%,19.95%,45.64%,5.83%,https://www.howbuy.com/fund/202017
006438,博时央调ETF联接A,01-26,1.2677,-0.56%,7.70%,15.82%,16.78%,24.46%,4.73%,https://www.howbuy.com/fund/006438
007799,申万菱信中小板指数(LOF)C,01-26,1.8566,2.43%,10.41%,15.81%,22.10%,48.21%,8.15%,https://www.howbuy.com/fund/007799
501010,汇添富中证生物科技(LOF)C,01-26,2.6570,8.73%,7.58%,15.78%,11.20%,86.29%,7.63%,https://www.howbuy.com/fund/501010
163407,兴全沪深300指数(LOF)A,01-26,2.8711,0.69%,8.94%,15.77%,21.12%,38.25%,4.91%,https://www.howbuy.com/fund/163407
008184,新华沪深300指数增强C,01-26,1.4700,1.22%,9.01%,15.75%,21.26%,49.91%,5.52%,https://www.howbuy.com/fund/008184
160806,长盛同庆LOF,01-26,1.7660,0.68%,7.76%,15.73%,22.09%,46.89%,4.44%,https://www.howbuy.com/fund/160806
004345,南方深证成份ETF联接C,01-26,1.2913,2.24%,9.03%,15.72%,19.71%,45.06%,5.80%,https://www.howbuy.com/fund/004345
006439,博时央调ETF联接C,01-26,1.2587,-0.56%,7.65%,15.71%,16.55%,23.95%,4.70%,https://www.howbuy.com/fund/006439
512650,添富中证长三角ETF,01-26,1.3386,1.76%,9.10%,15.69%,17.41%,34.61%,6.19%,https://www.howbuy.com/fund/512650
000948,华夏沪港通恒生ETF联接A,01-26,1.3410,-1.06%,10.27%,15.67%,11.79%,4.20%,7.15%,https://www.howbuy.com/fund/000948
512970,平安粤港澳大湾区ETF,01-26,1.5799,1.51%,9.34%,15.67%,25.28%,48.75%,5.76%,https://www.howbuy.com/fund/512970
007230,兴全沪深300指数(LOF)C,01-26,2.8587,0.68%,8.90%,15.64%,20.87%,37.70%,4.88%,https://www.howbuy.com/fund/007230
005734,华夏沪港通恒生ETF联接C,01-26,1.3298,-1.06%,10.24%,15.58%,11.62%,3.88%,7.13%,https://www.howbuy.com/fund/005734
510180,华安上证180ETF,01-26,4.4707,0.49%,8.02%,15.56%,20.13%,32.64%,4.56%,https://www.howbuy.com/fund/510180
515820,富国中证800ETF,01-26,1.3770,1.29%,8.36%,15.54%,19.74%,--,5.31%,https://www.howbuy.com/fund/515820
510800,建信上证50ETF,01-26,1.5394,0.23%,8.71%,15.53%,22.94%,40.92%,4.79%,https://www.howbuy.com/fund/510800
006196,华夏中证央企ETF联接A,01-26,1.2783,-0.54%,7.61%,15.47%,16.57%,24.59%,4.62%,https://www.howbuy.com/fund/006196
502020,国金上证50指数增强LOF,01-26,1.3651,0.30%,7.90%,15.42%,21.04%,31.60%,4.25%,https://www.howbuy.com/fund/502020
006197,华夏中证央企ETF联接C,01-26,1.2698,-0.55%,7.58%,15.38%,16.39%,24.20%,4.60%,https://www.howbuy.com/fund/006197
217027,招商央视财经50指数A,01-26,3.2697,-0.10%,8.34%,15.36%,24.34%,41.91%,4.82%,https://www.howbuy.com/fund/217027
159966,华夏创蓝筹ETF,01-26,0.6822,5.20%,9.20%,15.36%,14.84%,59.25%,5.46%,https://www.howbuy.com/fund/159966
161122,易方达中证万得生物科技指数(LOF)A,01-26,1.0815,10.92%,9.94%,15.35%,8.15%,82.23%,9.80%,https://www.howbuy.com/fund/161122
159910,嘉实深证基本面120ETF,01-26,2.6513,0.32%,8.18%,15.31%,21.71%,34.96%,5.25%,https://www.howbuy.com/fund/159910
008551,东财医药指数发起A,01-26,1.4671,7.43%,7.81%,15.29%,14.66%,--,7.28%,https://www.howbuy.com/fund/008551
005063,广发中证全指家用电器A,01-26,1.5133,-0.72%,6.87%,15.28%,30.17%,44.40%,4.17%,https://www.howbuy.com/fund/005063
004410,招商央视财经50指数C,01-26,3.2232,-0.11%,8.30%,15.25%,24.08%,41.33%,4.79%,https://www.howbuy.com/fund/004410
005064,广发中证全指家用电器C,01-26,1.5069,-0.72%,6.86%,15.23%,30.04%,44.12%,4.16%,https://www.howbuy.com/fund/005064
008552,东财医药指数发起C,01-26,1.4642,7.42%,7.79%,15.23%,14.52%,--,7.25%,https://www.howbuy.com/fund/008552
008407,恒生前海沪深港通龙头指A,01-26,1.2940,0.46%,9.19%,15.20%,15.55%,--,5.54%,https://www.howbuy.com/fund/008407
001237,博时上证50ETF联接A,01-26,1.4469,0.16%,8.24%,15.19%,21.14%,35.60%,4.51%,https://www.howbuy.com/fund/001237
005737,博时上证50ETF联接C,01-26,1.4428,0.16%,8.23%,15.17%,21.07%,35.46%,4.50%,https://www.howbuy.com/fund/005737
217019,招商深证TMT50ETF联接A,01-26,2.2447,-0.01%,12.43%,15.17%,17.96%,36.65%,8.91%,https://www.howbuy.com/fund/217019
502048,易方达上证50指数(LOF),01-26,1.3399,0.09%,8.13%,15.12%,22.61%,39.99%,4.52%,https://www.howbuy.com/fund/502048
001420,南方大数据300指数A,01-26,1.6415,0.87%,6.63%,15.12%,26.10%,48.38%,3.73%,https://www.howbuy.com/fund/001420
007379,易方达上证50ETF联接A,01-26,1.4430,0.23%,8.08%,15.12%,22.05%,41.18%,4.51%,https://www.howbuy.com/fund/007379
163109,申万菱信深证成份指数,01-26,0.7919,2.11%,8.72%,15.10%,17.27%,40.83%,5.42%,https://www.howbuy.com/fund/163109
159996,国泰中证全指家用电器ETF,01-26,1.4493,-0.84%,6.98%,15.10%,28.91%,--,4.25%,https://www.howbuy.com/fund/159996
006246,华夏中小板ETF联接A,01-26,1.8282,2.27%,10.13%,15.09%,19.62%,44.80%,7.94%,https://www.howbuy.com/fund/006246
007380,易方达上证50ETF联接C,01-26,1.4407,0.22%,8.07%,15.08%,21.99%,41.04%,4.50%,https://www.howbuy.com/fund/007380
008408,恒生前海沪深港通龙头指C,01-26,1.2904,0.45%,9.14%,15.08%,15.31%,--,5.50%,https://www.howbuy.com/fund/008408
515220,国泰中证煤炭ETF,01-26,1.2922,0.87%,-3.02%,15.08%,20.26%,29.18%,-1.52%,https://www.howbuy.com/fund/515220
004409,招商深证TMT50ETF联接C,01-26,2.2173,-0.02%,12.39%,15.05%,17.72%,36.10%,8.88%,https://www.howbuy.com/fund/004409
001426,南方大数据300指数C,01-26,1.6088,0.86%,6.59%,15.00%,25.85%,47.79%,3.70%,https://www.howbuy.com/fund/001426
008240,东财上证50指数A,01-26,1.4297,0.13%,8.31%,15.00%,23.21%,41.86%,4.56%,https://www.howbuy.com/fund/008240
510050,华夏上证50ETF,01-26,3.8040,0.11%,8.47%,14.98%,20.40%,31.96%,4.65%,https://www.howbuy.com/fund/510050
006247,华夏中小板ETF联接C,01-26,1.8113,2.26%,10.09%,14.97%,19.37%,44.20%,7.91%,https://www.howbuy.com/fund/006247
008241,东财上证50指数C,01-26,1.4256,0.13%,8.29%,14.93%,23.05%,41.51%,4.54%,https://www.howbuy.com/fund/008241
040002,华安中国A股增强指数,01-26,1.0510,0.38%,8.02%,14.93%,20.31%,41.69%,4.68%,https://www.howbuy.com/fund/040002
110030,易方达沪深300量化增强,01-26,3.5832,1.97%,8.99%,14.92%,20.42%,43.60%,5.39%,https://www.howbuy.com/fund/110030
001548,天弘上证50指数A,01-26,1.6442,0.15%,8.22%,14.92%,20.77%,35.08%,4.51%,https://www.howbuy.com/fund/001548
159965,中融央视财经50ETF,01-26,1.5921,-0.15%,8.22%,14.91%,22.91%,41.39%,4.66%,https://www.howbuy.com/fund/159965
007856,易方达中证800ETF联接A,01-26,1.5331,1.07%,7.47%,14.91%,21.19%,46.96%,4.42%,https://www.howbuy.com/fund/007856
007857,易方达中证800ETF联接C,01-26,1.5311,1.08%,7.46%,14.88%,21.14%,46.81%,4.41%,https://www.howbuy.com/fund/007857
510850,工银瑞信上证50ETF,01-26,3.8852,0.10%,8.38%,14.87%,20.18%,31.06%,4.65%,https://www.howbuy.com/fund/510850
001549,天弘上证50指数C,01-26,1.6224,0.14%,8.20%,14.87%,20.65%,34.81%,4.50%,https://www.howbuy.com/fund/001549
502040,长盛上证50指数(LOF),01-26,1.2410,0.29%,7.65%,14.80%,23.48%,45.08%,4.05%,https://www.howbuy.com/fund/502040
519300,大成沪深300指数A,01-26,1.2558,0.57%,8.24%,14.80%,20.05%,38.45%,5.12%,https://www.howbuy.com/fund/519300
006930,泰康港股通TMT指数A,01-26,1.1465,0.70%,16.79%,14.79%,9.14%,14.47%,14.02%,https://www.howbuy.com/fund/006930
007096,大成沪深300指数C,01-26,1.2526,0.56%,8.23%,14.76%,19.79%,38.08%,5.10%,https://www.howbuy.com/fund/007096
007873,华宝科技ETF联接A,01-26,1.6801,-0.26%,9.51%,14.74%,12.31%,37.25%,6.69%,https://www.howbuy.com/fund/007873
515800,添富中证800ETF,01-26,1.3705,1.29%,8.12%,14.72%,19.10%,38.93%,5.05%,https://www.howbuy.com/fund/515800
005102,工银沪深300ETF联接A,01-26,1.3574,1.23%,7.31%,14.72%,19.03%,32.61%,5.29%,https://www.howbuy.com/fund/005102
007839,汇添富中证长三角ETF联接A,01-26,1.3609,1.70%,8.59%,14.70%,16.22%,32.37%,5.85%,https://www.howbuy.com/fund/007839
006931,泰康港股通TMT指数C,01-26,1.1382,0.70%,16.74%,14.67%,8.92%,14.00%,13.99%,https://www.howbuy.com/fund/006931
005103,工银沪深300ETF联接C,01-26,1.3513,1.23%,7.29%,14.66%,18.88%,32.29%,5.27%,https://www.howbuy.com/fund/005103
007874,华宝科技ETF联接C,01-26,1.6709,-0.27%,9.47%,14.63%,12.09%,36.71%,6.66%,https://www.howbuy.com/fund/007874
007840,汇添富中证长三角ETF联接C,01-26,1.3554,1.69%,8.55%,14.61%,16.03%,31.98%,5.82%,https://www.howbuy.com/fund/007840
040180,华安上证180ETF联接,01-26,1.9077,0.45%,7.56%,14.60%,18.67%,30.24%,4.29%,https://www.howbuy.com/fund/040180
005747,华安MSCI中国A股ETF联接A,01-26,1.6191,1.78%,7.84%,14.60%,16.42%,33.94%,4.98%,https://www.howbuy.com/fund/005747
167302,方正富邦大湾区综指LOF,01-26,1.2972,0.09%,9.33%,14.50%,18.87%,28.14%,6.39%,https://www.howbuy.com/fund/167302
005748,华安MSCI中国A股ETF联接C,01-26,1.6005,1.77%,7.80%,14.49%,16.18%,33.40%,4.95%,https://www.howbuy.com/fund/005748
008713,国泰中证家用电器ETF联接A,01-26,1.4662,-0.72%,6.54%,14.48%,24.17%,--,4.04%,https://www.howbuy.com/fund/008713
159978,建信中证沪港深粤港澳ETF,01-26,1.3962,0.80%,9.95%,14.48%,18.51%,--,7.15%,https://www.howbuy.com/fund/159978
290010,泰信中证200指数,01-26,1.4240,1.28%,7.88%,14.47%,14.10%,36.27%,5.17%,https://www.howbuy.com/fund/290010
160636,鹏华中证移动互联网指数LOF,01-26,1.0600,0.38%,10.99%,14.47%,13.38%,42.03%,6.53%,https://www.howbuy.com/fund/160636
519180,万家180指数,01-26,1.2374,0.45%,7.58%,14.45%,18.57%,29.92%,4.31%,https://www.howbuy.com/fund/519180
005880,建信上证50ETF联接A,01-26,1.6411,0.18%,8.22%,14.44%,21.14%,37.91%,4.40%,https://www.howbuy.com/fund/005880
501019,国泰国证航天军工指数LOF,01-26,1.3061,-3.39%,3.47%,14.42%,14.47%,53.93%,-2.08%,https://www.howbuy.com/fund/501019
168204,中融煤炭指数,01-26,0.9520,0.95%,-3.55%,14.39%,16.98%,20.28%,-2.26%,https://www.howbuy.com/fund/168204
008714,国泰中证全指家电ETF联接C,01-26,1.4627,-0.73%,6.51%,14.39%,23.98%,--,4.01%,https://www.howbuy.com/fund/008714
070023,嘉实深证基本面120联接A,01-26,2.5893,0.33%,7.74%,14.35%,20.29%,32.85%,4.97%,https://www.howbuy.com/fund/070023
005881,建信上证50ETF联接C,01-26,1.6342,0.18%,8.18%,14.32%,20.89%,37.35%,4.36%,https://www.howbuy.com/fund/005881
001051,华夏上证50ETF联接A,01-26,1.3103,0.09%,8.04%,14.30%,19.36%,30.77%,4.40%,https://www.howbuy.com/fund/001051
165312,建信央视财经50指数(LOF),01-26,1.3233,-0.27%,7.60%,14.28%,23.09%,39.62%,4.27%,https://www.howbuy.com/fund/165312
515830,工银瑞信中证800ETF,01-26,5.6832,1.33%,8.06%,14.24%,17.86%,--,5.04%,https://www.howbuy.com/fund/515830
001588,天弘中证800指数A,01-26,1.4275,1.26%,7.81%,14.24%,18.68%,43.81%,4.90%,https://www.howbuy.com/fund/001588
005998,嘉实深证基本面120联接C,01-26,1.6060,0.32%,7.71%,14.23%,20.05%,32.32%,4.95%,https://www.howbuy.com/fund/005998
515570,山西证券中证红利潜力ETF,01-26,1.3822,0.35%,5.70%,14.22%,25.46%,43.14%,1.66%,https://www.howbuy.com/fund/515570
005733,华夏上证50ETF联接C,01-26,1.3030,0.08%,8.02%,14.22%,19.18%,30.43%,4.38%,https://www.howbuy.com/fund/005733
007671,建信中证红利潜力指数A,01-26,1.5426,0.59%,6.12%,14.22%,25.36%,53.92%,2.06%,https://www.howbuy.com/fund/007671
001589,天弘中证800指数C,01-26,1.4095,1.25%,7.78%,14.17%,18.55%,43.53%,4.88%,https://www.howbuy.com/fund/001589
001113,南方大数据100指数A,01-26,1.0849,4.23%,9.63%,14.12%,14.08%,54.46%,8.08%,https://www.howbuy.com/fund/001113
007672,建信中证红利潜力指数C,01-26,1.5335,0.58%,6.08%,14.09%,25.08%,53.27%,2.02%,https://www.howbuy.com/fund/007672
515620,建信中证800ETF,01-26,1.3652,1.21%,7.78%,14.09%,17.79%,--,4.89%,https://www.howbuy.com/fund/515620
159913,交银深证300价值ETF,01-26,2.5940,-0.23%,7.23%,14.07%,18.45%,28.80%,3.80%,https://www.howbuy.com/fund/159913
006220,工银上证50ETF联接A,01-26,1.5936,0.08%,7.89%,14.06%,18.95%,28.65%,4.38%,https://www.howbuy.com/fund/006220
007472,华夏创蓝筹ETF联接A,01-26,1.8918,4.80%,8.47%,14.01%,13.39%,53.80%,4.97%,https://www.howbuy.com/fund/007472
002906,南方中证500增强股票A,01-26,1.3920,3.26%,7.24%,14.00%,14.66%,40.46%,4.90%,https://www.howbuy.com/fund/002906
004344,南方大数据100指数C,01-26,1.0691,4.21%,9.58%,14.00%,13.84%,53.85%,8.06%,https://www.howbuy.com/fund/004344
159954,南方恒生中国企业ETF,01-26,1.0683,-0.10%,12.16%,13.99%,9.22%,4.75%,9.12%,https://www.howbuy.com/fund/159954
006221,工银上证50ETF联接C,01-26,1.5812,0.08%,7.86%,13.99%,18.80%,28.32%,4.36%,https://www.howbuy.com/fund/006221
512350,兴业中证福建50ETF,01-26,1.1150,2.15%,5.68%,13.97%,--,--,2.43%,https://www.howbuy.com/fund/512350
163116,申万中证电子行业指数(LOF)A,01-26,1.0353,-1.70%,9.63%,13.96%,15.23%,33.77%,7.51%,https://www.howbuy.com/fund/163116
159929,汇添富中证医药卫生ETF,01-26,2.5479,7.64%,7.77%,13.91%,10.83%,56.87%,7.36%,https://www.howbuy.com/fund/159929
007473,华夏创蓝筹ETF联接C,01-26,1.8799,4.80%,8.43%,13.90%,13.17%,53.20%,4.94%,https://www.howbuy.com/fund/007473
002907,南方中证500增强股票C,01-26,1.3770,3.30%,7.24%,13.90%,14.46%,39.94%,4.87%,https://www.howbuy.com/fund/002907
050013,博时上证超大盘ETF联接,01-26,1.3971,-0.55%,7.25%,13.86%,18.09%,30.63%,4.26%,https://www.howbuy.com/fund/050013
515960,嘉实医药健康100ETF,01-26,1.4686,6.96%,7.34%,13.86%,13.10%,--,6.70%,https://www.howbuy.com/fund/515960
159963,富国恒生中国企业ETF,01-26,1.0604,-0.17%,11.68%,13.72%,9.74%,5.24%,8.74%,https://www.howbuy.com/fund/159963
515110,易方达中证一带一路ETF,01-26,1.1843,-1.01%,5.08%,13.67%,19.34%,23.85%,3.99%,https://www.howbuy.com/fund/515110
159960,平安恒生中国企业ETF,01-26,1.1012,-0.30%,11.39%,13.65%,9.96%,5.77%,8.35%,https://www.howbuy.com/fund/159960
501301,华宝港股通恒生中国25指数,01-26,1.2411,-0.85%,10.77%,13.65%,9.67%,3.82%,7.25%,https://www.howbuy.com/fund/501301
001027,前海开源中证大农业增强,01-26,1.4900,3.62%,7.81%,13.65%,11.78%,61.96%,6.13%,https://www.howbuy.com/fund/001027
515600,广发中证央企创新驱动ETF,01-26,1.0879,-0.51%,6.42%,13.61%,15.32%,19.51%,5.09%,https://www.howbuy.com/fund/515600
501005,汇添富中证精准医(LOF)A,01-26,1.9200,10.18%,11.07%,13.60%,8.75%,71.98%,9.93%,https://www.howbuy.com/fund/501005
006743,中融央视财经50ETF联接A,01-26,1.5447,-0.16%,7.61%,13.58%,20.45%,36.72%,4.23%,https://www.howbuy.com/fund/006743
006355,华宝恒生中国25指数(LOF)C,01-26,1.2305,-0.86%,10.74%,13.54%,9.44%,3.40%,7.22%,https://www.howbuy.com/fund/006355
008279,国泰中证煤炭ETF联接A,01-26,1.2537,0.69%,-3.29%,13.53%,18.86%,25.40%,-1.59%,https://www.howbuy.com/fund/008279
006744,中融央视财经50ETF联接C,01-26,1.5305,-0.16%,7.58%,13.51%,20.28%,36.25%,4.21%,https://www.howbuy.com/fund/006744
512610,嘉实中证医药卫生ETF,01-26,2.3619,7.57%,7.53%,13.50%,8.86%,52.30%,7.19%,https://www.howbuy.com/fund/512610
501006,汇添富中证精准医(LOF)C,01-26,1.8848,10.17%,11.03%,13.48%,8.53%,71.28%,9.90%,https://www.howbuy.com/fund/501006
161025,富国中证移动互联网指数,01-26,1.0330,0.29%,11.08%,13.46%,10.46%,39.13%,6.71%,https://www.howbuy.com/fund/161025
008280,国泰中证煤炭ETF联接C,01-26,1.2501,0.69%,-3.31%,13.45%,18.67%,25.05%,-1.61%,https://www.howbuy.com/fund/008280
515870,嘉实先进制造100ETF,01-26,1.3987,0.70%,7.95%,13.42%,25.64%,40.73%,7.07%,https://www.howbuy.com/fund/515870
159992,银华中证创新药产业ETF,01-26,1.4805,8.69%,6.20%,13.40%,4.05%,--,6.37%,https://www.howbuy.com/fund/159992
165310,建信沪深300指数增强(LOF)A,01-26,1.4583,2.62%,7.96%,13.35%,20.39%,47.98%,4.55%,https://www.howbuy.com/fund/165310
159974,富国央企创新ETF,01-26,1.1287,-0.51%,6.26%,13.35%,16.66%,23.79%,5.16%,https://www.howbuy.com/fund/159974
007788,易方达中证一带一路ETF联接A,01-26,1.2812,-0.91%,5.11%,13.27%,18.41%,28.11%,4.04%,https://www.howbuy.com/fund/007788
159936,广发中证全指可选消费ETF,01-26,2.0610,1.11%,6.79%,13.26%,24.07%,43.89%,3.39%,https://www.howbuy.com/fund/159936
007789,易方达中证一带一路ETF联接C,01-26,1.2783,-0.91%,5.11%,13.24%,18.33%,27.82%,4.04%,https://www.howbuy.com/fund/007789
410010,华富中小板指数增强,01-26,1.7674,2.06%,9.48%,13.24%,16.81%,38.73%,7.49%,https://www.howbuy.com/fund/410010
009208,建信沪深300指增(LOF)C,01-26,1.4545,2.61%,7.92%,13.23%,20.17%,--,4.53%,https://www.howbuy.com/fund/009208
161032,富国中证煤炭指数,01-26,1.0430,0.48%,-3.60%,13.23%,17.83%,22.11%,-1.79%,https://www.howbuy.com/fund/161032
161033,富国中证智能汽车指数LOF,01-26,1.8240,-1.83%,9.88%,13.22%,11.97%,35.41%,7.11%,https://www.howbuy.com/fund/161033
519706,交银深证300价值联接,01-26,2.3820,-0.21%,6.72%,13.16%,17.11%,27.45%,3.57%,https://www.howbuy.com/fund/519706
160635,鹏华中证医药指数(LOF)A,01-26,1.6550,7.33%,7.33%,13.05%,9.17%,50.87%,6.98%,https://www.howbuy.com/fund/160635
515680,嘉实央企创新驱动ETF,01-26,1.1034,-0.56%,6.26%,13.02%,14.11%,19.92%,5.07%,https://www.howbuy.com/fund/515680
399001,中海上证50指数增强,01-26,1.6710,-0.59%,7.53%,12.98%,19.53%,31.07%,4.18%,https://www.howbuy.com/fund/399001
007076,添富中证医药ETF联接A,01-26,1.7074,7.11%,7.28%,12.96%,10.27%,52.72%,6.89%,https://www.howbuy.com/fund/007076
007505,华夏中证AH经济蓝筹股票A,01-26,1.3737,0.73%,9.31%,12.94%,14.53%,32.44%,7.10%,https://www.howbuy.com/fund/007505
005554,南方H股联接A,01-26,1.0408,-0.25%,11.39%,12.92%,8.42%,4.12%,8.47%,https://www.howbuy.com/fund/005554
007506,华夏中证AH经济蓝筹股票C,01-26,1.3674,0.71%,9.28%,12.86%,14.36%,32.04%,7.09%,https://www.howbuy.com/fund/007506
007077,添富中证医药ETF联接C,01-26,1.6950,7.10%,7.24%,12.84%,10.04%,52.10%,6.85%,https://www.howbuy.com/fund/007077
005555,南方H股联接C,01-26,1.0286,-0.25%,11.34%,12.81%,8.21%,3.70%,8.44%,https://www.howbuy.com/fund/005555
512120,华安中证细分医药ETF,01-26,2.5130,6.62%,6.17%,12.79%,6.53%,53.98%,5.94%,https://www.howbuy.com/fund/512120
510220,华泰柏瑞中小盘ETF,01-26,5.6536,0.91%,5.69%,12.78%,14.24%,34.16%,3.04%,https://www.howbuy.com/fund/510220
515150,富国中证国企一带一路ETF,01-26,1.1851,-1.06%,4.92%,12.71%,18.31%,22.74%,3.86%,https://www.howbuy.com/fund/515150
515990,添富中证国企一带一路ETF,01-26,1.2235,-0.89%,5.00%,12.65%,18.53%,26.51%,3.98%,https://www.howbuy.com/fund/515990
007784,广发央企创新驱动ETF联接A,01-26,1.2485,-0.55%,5.98%,12.62%,14.31%,21.91%,4.73%,https://www.howbuy.com/fund/007784
007785,广发央企创新驱动ETF联接C,01-26,1.2468,-0.56%,5.97%,12.59%,14.24%,21.77%,4.72%,https://www.howbuy.com/fund/007785
513680,建信港股通恒生中国ETF,01-26,1.0280,-0.95%,10.50%,12.55%,7.90%,3.93%,7.48%,https://www.howbuy.com/fund/513680
165519,中信保诚中证800医药指数(LOF),01-26,1.4500,5.99%,5.53%,12.43%,9.75%,59.93%,5.15%,https://www.howbuy.com/fund/165519
159997,天弘中证电子ETF,01-26,1.3279,-2.14%,9.59%,12.32%,13.16%,--,7.03%,https://www.howbuy.com/fund/159997
512390,平安MSCI中国A股低波动ETF,01-26,1.5177,0.99%,6.00%,12.32%,19.83%,40.93%,3.82%,https://www.howbuy.com/fund/512390
006593,博道中证500增强A,01-26,1.8291,4.01%,10.39%,12.31%,17.00%,50.53%,8.37%,https://www.howbuy.com/fund/006593
001133,广发可选消费联接A,01-26,1.0477,1.05%,6.32%,12.31%,22.29%,40.65%,3.11%,https://www.howbuy.com/fund/001133
515750,富国中证科技50策略ETF,01-26,1.6040,1.04%,11.46%,12.26%,9.97%,38.09%,6.97%,https://www.howbuy.com/fund/515750
007809,富国中证央企ETF联接A,01-26,1.1834,-0.53%,5.74%,12.26%,14.93%,21.52%,4.74%,https://www.howbuy.com/fund/007809
002977,广发可选消费联接C,01-26,1.0415,1.05%,6.31%,12.25%,22.17%,40.36%,3.10%,https://www.howbuy.com/fund/002977
006594,博道中证500增强C,01-26,1.8177,4.01%,10.36%,12.22%,16.81%,50.07%,8.34%,https://www.howbuy.com/fund/006594
006578,泰康中证港股通非银指数A,01-26,1.3058,-3.83%,11.04%,12.22%,10.78%,11.03%,7.38%,https://www.howbuy.com/fund/006578
007810,富国中证央企ETF联接C,01-26,1.1779,-0.54%,5.70%,12.14%,14.69%,21.03%,4.71%,https://www.howbuy.com/fund/007810
460220,华泰上证中小盘ETF联接,01-26,1.4514,0.89%,5.49%,12.12%,13.12%,31.79%,2.95%,https://www.howbuy.com/fund/460220
006579,泰康中证港股通非银指数C,01-26,1.2965,-3.84%,10.99%,12.11%,10.56%,10.58%,7.34%,https://www.howbuy.com/fund/006579
001617,天弘中证电子ETF联接A,01-26,1.5932,-2.02%,9.20%,12.08%,13.21%,32.33%,6.73%,https://www.howbuy.com/fund/001617
159906,大成深证成长40ETF,01-26,1.6750,5.61%,8.77%,12.04%,11.30%,56.54%,6.82%,https://www.howbuy.com/fund/159906
001618,天弘中证电子ETF联接C,01-26,1.5726,-2.02%,9.18%,12.02%,13.10%,32.06%,6.72%,https://www.howbuy.com/fund/001618
159907,广发中小板300ETF,01-26,1.9511,1.68%,8.55%,11.82%,15.44%,40.09%,6.41%,https://www.howbuy.com/fund/159907
512480,国联安中证全指半导体ETF,01-26,2.1887,-3.58%,7.17%,11.82%,0.48%,19.95%,4.59%,https://www.howbuy.com/fund/512480
007786,富国中证一带一路ETF联接A,01-26,1.2269,-1.06%,4.52%,11.81%,16.89%,23.00%,3.52%,https://www.howbuy.com/fund/007786
007796,博时央创ETF联接A,01-26,1.1777,-0.58%,5.57%,11.79%,12.23%,20.63%,4.55%,https://www.howbuy.com/fund/007796
470007,汇添富上证综合指数,01-26,1.2520,0.56%,5.97%,11.77%,14.62%,28.94%,3.61%,https://www.howbuy.com/fund/470007
008072,景顺长城创业板综指增强,01-26,1.4066,3.52%,9.51%,11.77%,15.19%,--,6.69%,https://www.howbuy.com/fund/008072
000373,华安中证细分医药ETF联接A,01-26,2.1570,6.10%,5.68%,11.76%,5.89%,49.17%,5.43%,https://www.howbuy.com/fund/000373
008907,添富中证一带一路ETF联接A,01-26,1.3123,-0.90%,4.63%,11.73%,17.05%,--,3.66%,https://www.howbuy.com/fund/008907
003986,申万中证500指数优选增强A,01-26,1.8475,2.99%,10.41%,11.73%,13.09%,45.39%,7.71%,https://www.howbuy.com/fund/003986
007787,富国中证一带一路ETF联接C,01-26,1.2215,-1.08%,4.47%,11.69%,16.64%,22.49%,3.48%,https://www.howbuy.com/fund/007787
007797,博时央创ETF联接C,01-26,1.1720,-0.59%,5.54%,11.68%,11.99%,20.14%,4.52%,https://www.howbuy.com/fund/007797
008908,添富中证一带一路ETF联接C,01-26,1.3088,-0.90%,4.60%,11.65%,16.88%,--,3.64%,https://www.howbuy.com/fund/008908
007794,申万菱信中证500指数优选C,01-26,1.6678,2.98%,10.37%,11.64%,12.91%,44.94%,7.68%,https://www.howbuy.com/fund/007794
000376,华安中证细分医药ETF联接C,01-26,2.1020,6.05%,5.63%,11.63%,5.68%,48.55%,5.36%,https://www.howbuy.com/fund/000376
009336,平安中证500指数增强A,01-26,1.2912,2.34%,7.23%,11.60%,11.46%,--,5.46%,https://www.howbuy.com/fund/009336
009337,平安中证500指数增强C,01-26,1.2869,2.33%,7.19%,11.46%,11.18%,--,5.42%,https://www.howbuy.com/fund/009337
008749,富国中证科技50策略ETF联接A,01-26,1.2236,0.90%,10.81%,11.45%,9.22%,--,6.53%,https://www.howbuy.com/fund/008749
007792,嘉实央企创新驱动ETF联接A,01-26,1.1395,-0.57%,5.68%,11.43%,12.05%,16.35%,4.56%,https://www.howbuy.com/fund/007792
510010,交银上证180公司治理ETF,01-26,1.5360,-1.41%,6.67%,11.39%,21.71%,30.61%,3.85%,https://www.howbuy.com/fund/510010
007793,嘉实央企创新驱动ETF联接C,01-26,1.1369,-0.57%,5.66%,11.37%,11.90%,16.10%,4.55%,https://www.howbuy.com/fund/007793
008750,富国中证科技50策略ETF联接C,01-26,1.2190,0.89%,10.77%,11.33%,8.99%,--,6.49%,https://www.howbuy.com/fund/008750
090012,大成深证成长40ETF联接,01-26,1.6310,5.36%,8.30%,11.33%,10.58%,52.43%,6.46%,https://www.howbuy.com/fund/090012
161726,招商国证生物医药指数,01-26,1.0363,10.68%,9.95%,11.31%,0.69%,73.86%,10.17%,https://www.howbuy.com/fund/161726
515260,华宝中证电子50ETF,01-26,1.0740,-2.42%,9.56%,11.31%,10.77%,--,6.98%,https://www.howbuy.com/fund/515260
270026,广发中小板300联接A,01-26,1.5623,1.58%,8.11%,11.16%,14.50%,37.65%,6.08%,https://www.howbuy.com/fund/270026
005112,银华中证全指医药卫生指数,01-26,2.1650,10.34%,8.79%,11.09%,3.52%,47.10%,7.76%,https://www.howbuy.com/fund/005112
007300,国联安中证半导体ETF联接A,01-26,2.1358,-3.37%,6.63%,11.04%,0.80%,20.09%,4.23%,https://www.howbuy.com/fund/007300
007301,国联安中证半导体ETF联接C,01-26,2.1222,-3.37%,6.61%,10.97%,0.67%,19.79%,4.21%,https://www.howbuy.com/fund/007301
163821,中银沪深300等权重指数LOF,01-26,2.1600,0.28%,6.19%,10.94%,16.82%,43.71%,3.60%,https://www.howbuy.com/fund/163821
513090,易方达中证香港证券ETF,01-26,1.3410,-5.45%,14.89%,10.84%,6.01%,--,8.40%,https://www.howbuy.com/fund/513090
515520,大成MSCI价值100ETF,01-26,1.4289,0.83%,5.66%,10.78%,17.75%,41.35%,3.41%,https://www.howbuy.com/fund/515520
168001,国寿养老指数增强,01-26,1.4322,3.21%,6.70%,10.75%,10.41%,45.90%,4.08%,https://www.howbuy.com/fund/168001
006048,长城中证500指数增强A,01-26,1.5252,4.88%,10.07%,10.75%,10.94%,39.33%,8.79%,https://www.howbuy.com/fund/006048
588000,华夏上证科创板50成份ETF,01-26,1.5231,2.35%,9.46%,10.69%,--,--,6.07%,https://www.howbuy.com/fund/588000
519686,交银上证180治理ETF联接,01-26,1.6890,-1.34%,6.16%,10.68%,20.30%,28.44%,3.56%,https://www.howbuy.com/fund/519686
007413,长城中证500指数增强C,01-26,1.5086,4.87%,10.04%,10.67%,10.77%,38.90%,8.77%,https://www.howbuy.com/fund/007413
001351,诺安中证500指数增强A,01-26,1.0351,2.13%,6.52%,10.60%,8.88%,38.29%,4.85%,https://www.howbuy.com/fund/001351
159938,广发中证全指医药卫生ETF,01-26,2.2222,5.86%,6.00%,10.56%,7.20%,53.45%,5.36%,https://www.howbuy.com/fund/159938
501059,西部利得国企红利指增(LOF)A,01-26,1.6503,-0.45%,5.61%,10.54%,13.49%,33.21%,4.59%,https://www.howbuy.com/fund/501059
009439,西部利得国企红利指增(LOF)C,01-26,1.6211,-0.45%,5.55%,10.41%,13.28%,--,4.57%,https://www.howbuy.com/fund/009439
501025,鹏华香港银行指数(LOF)A,01-26,0.9557,-2.67%,8.05%,10.40%,4.70%,-9.48%,4.77%,https://www.howbuy.com/fund/501025
502023,鹏华国证钢铁行业指数(LOF),01-26,1.3630,2.40%,2.71%,10.36%,17.21%,26.71%,4.13%,https://www.howbuy.com/fund/502023
588090,华泰柏瑞上证科创50ETF,01-26,1.5261,2.37%,9.43%,10.29%,--,--,6.02%,https://www.howbuy.com/fund/588090
168203,中融钢铁指数,01-26,0.9770,2.41%,3.72%,10.12%,14.12%,21.41%,5.05%,https://www.howbuy.com/fund/168203
515500,海富通中证长三角领先ETF,01-26,1.0802,0.34%,6.16%,10.07%,--,--,4.30%,https://www.howbuy.com/fund/515500
